record_type,source_dataset,source_file,source_row_no,title,normalized_name,country_raw,country_norm,country_iso3,hs_code_raw,hs_code_norm,keywords_raw,keywords_norm,has_contact,contact_name,contact_email,contact_phone,contact_website,valid_until,source_snapshot_date,distance_from_kr_km,contact_email_estimated,buyer_stage
buyer_candidate,한국무역보험공사_화장품 바이어 정보,한국무역보험공사_화장품 바이어 정보_20200812.csv,126,VIETMYSINGINTERNATIONALJOINTSTOCKCOMPANY(VMSINTERNATIONALJOINTSTOCKCOMPANY),VIETMYSINGINTERNATIONALJOINTSTOCKCOMPANYVMSINTERNATIONALJOINTSTOCKCOMPANY,"NO.76/17/5,PHANTAYHOSTREET,WARD07,PHUNHUANDISTRICT,HOCHIMINHCITY,VIETNAM",베트남,VNM,46443.0,46443.0,화장품및화장용품도매업 | 46443 | VIETMYSINGINTERNATIONALJOINTSTOCKCOMPANY(VMSINTERNATIONALJOINTSTOCKCOMPANY) | VIETMYSINGINTERNATIONALJOINTSTOCKCOMPANY(VMSINTERNATIONALJOINTSTOCKCOMPANY) | 46443,화장품및화장용품도매업 | 46443 | vietmysinginternationaljointstockcompany(vmsinternationaljointstockcompany),1,,contact@greenaroma.vn,8428-6651-6777,www.greenaroma.vn,,2020-08-12,2740.135,False,sales_ready
buyer_candidate,한국무역보험공사_화장품 바이어 정보,한국무역보험공사_화장품 바이어 정보_20200812.csv,127,ASENKOVIJOINTSTOCKCOMPANY(ASENKOVIJSC),ASENKOVIJOINTSTOCKCOMPANYASENKOVIJSC,"NO.6,LANE70/79/2,VANTRISTREET,VANTRI2GROUP,MINHKHAIWARD,NORTHTULIEMDISTRICT,HANOICITY,VIETNAM",베트남,VNM,46443.0,46443.0,화장품및화장용품도매업 | 46443 | ASENKOVIJOINTSTOCKCOMPANY(ASENKOVIJSC) | ASENKOVIJOINTSTOCKCOMPANY(ASENKOVIJSC) | 46443,화장품및화장용품도매업 | 46443 | asenkovijointstockcompany(asenkovijsc),1,,,849-4242-9789,,,2020-08-12,2740.135,False,sales_ready
buyer_candidate,한국무역보험공사_화장품 바이어 정보,한국무역보험공사_화장품 바이어 정보_20200812.csv,128,COLUMBUSDANDIVINACOMPANYLIMITED(COLUMBUSDANDIVINACOLTD),COLUMBUSDANDIVINACOMPANYLIMITEDCOLUMBUSDANDIVINACOLTD,"NO.27-29-31,ROAD9A,TRUNGSONRESIDENTIALAREA,BINHHUNGCOMMUNE,BINHCHANHDISTRICT,HOCHIMINHCITY,VIETNAM",베트남,VNM,46443.0,46443.0,화장품및화장용품도매업 | 46443 | COLUMBUSDANDIVINACOMPANYLIMITED(COLUMBUSDANDIVINACOLTD) | COLUMBUSDANDIVINACOMPANYLIMITED(COLUMBUSDANDIVINACOLTD) | 46443,화장품및화장용품도매업 | 46443 | columbusdandivinacompanylimited(columbusdandivinacoltd),1,,chauisland79@yahoo.com,8428-5431-6988,,,2020-08-12,2740.135,False,sales_ready
buyer_candidate,한국무역보험공사_화장품 바이어 정보,한국무역보험공사_화장품 바이어 정보_20200812.csv,72,ROBANDAINTERNATIONALINC,ROBANDAINTERNATIONAL,8260CAMINOSANTAFESTEASANDIEGOCA92121,네덜란드령 안틸레스,ANT,20423.0,20423.0,화장품제조업 | 20423 | ROBANDAINTERNATIONALINC | ROBANDAINTERNATIONALINC | 20423,화장품제조업 | 20423 | robandainternationalinc,1,,,61-9276-7660,,,2020-08-12,14267.82,False,sales_ready
buyer_candidate,한국무역보험공사_화장품 바이어 정보,한국무역보험공사_화장품 바이어 정보_20200812.csv,73,BELLAMEBEAUTYINC,BELLAMEBEAUTY,"5910PENWOODLN.DUBLIN,CA94568(대표자자택)","5910PENWOODLN.DUBLIN,CA94568(대표자자택)",,46443.0,46443.0,화장품및화장용품도매업 | 46443 | BELLAMEBEAUTYINC | BELLAMEBEAUTYINC | 46443,화장품및화장용품도매업 | 46443 | bellamebeautyinc,1,,scott@bellame.com,51-0663-7016,www.bellame.com,,2020-08-12,,False,sales_ready
buyer_candidate,한국무역보험공사_화장품 바이어 정보,한국무역보험공사_화장품 바이어 정보_20200812.csv,74,GSCOSMECEUTICALUSAINC,GSCOSMECEUTICALUSA,"131PULLMANSTLIVERMORE,CA94551","131PULLMANSTLIVERMORE,CA94551",,20423.0,20423.0,화장품제조업 | 20423 | GSCOSMECEUTICALUSAINC | GSCOSMECEUTICALUSAINC | 20423,화장품제조업 | 20423 | gscosmeceuticalusainc,1,,,92-5371-5000,,,2020-08-12,,False,sales_ready
buyer_candidate,한국무역보험공사_화장품 바이어 정보,한국무역보험공사_화장품 바이어 정보_20200812.csv,75,PRESPERSECORPORATION,PRESPERSE,19SCHOOLHOUSERDSOMERSETNJ08873,소말리아,SOM,20423.0,20423.0,화장품제조업 | 20423 | PRESPERSECORPORATION | PRESPERSECORPORATION | 20423,화장품제조업 | 20423 | prespersecorporation,1,,,73-2356-5200,,,2020-08-12,9142.217,False,sales_ready
buyer_candidate,한국무역보험공사_화장품 바이어 정보,한국무역보험공사_화장품 바이어 정보_20200812.csv,1,UNILEVERNIGERIAPLC,UNILEVERNIGERIA,"1,BILLINGSWAYOREGUNIKEJALAGOSNIGERIA",나이지리아,NGA,20423.0,20423.0,화장품제조업 | 20423 | UNILEVERNIGERIAPLC | UNILEVERNIGERIAPLC | 20423,화장품제조업 | 20423 | unilevernigeriaplc,1,,consumercare.nigeria@unilever.com,234-1279-3000,www.unilevernigeria.com,,2020-08-12,12414.0,False,sales_ready
buyer_candidate,한국무역보험공사_화장품 바이어 정보,한국무역보험공사_화장품 바이어 정보_20200812.csv,118,SEOULVIETNAMCOSMETICSJOINTSTOCKSCOMPANY(SOVICOSJSC),SEOULVIETNAMCOSMETICSJOINTSTOCKSCOMPANYSOVICOSJSC,"NO.A5,KIZUNA2FACTORYAREA,LOTB4-3-7-8,TANKIMINDUSTRIALPARK,TANKIMCOMMUNE,CANGIUOCDISTRICT,LONGANPROVINCE,VIETNAM",베트남,VNM,20423.0,20423.0,화장품제조업 | 20423 | SEOULVIETNAMCOSMETICSJOINTSTOCKSCOMPANY(SOVICOSJSC) | SEOULVIETNAMCOSMETICSJOINTSTOCKSCOMPANY(SOVICOSJSC) | 20423,화장품제조업 | 20423 | seoulvietnamcosmeticsjointstockscompany(sovicosjsc),1,,info@sovicos.com,8427-2625-6188,https://sovicos.com,,2020-08-12,2740.135,False,sales_ready
buyer_candidate,한국무역보험공사_화장품 바이어 정보,한국무역보험공사_화장품 바이어 정보_20200812.csv,119,MEEINTRADINGSERVICECOMPANYLIMITED(MEEINCOLTD),MEEINTRADINGSERVICECOMPANYLIMITEDMEEINCOLTD,"SUITE19,FLOOR34,G3BUILDING,VINHOMEGREENBAYURBANAREA,NO.7,THANGLONGBOULEVARD,METRIWARD,SOUTHTULIEMDISTRICT,HANOICITY,VIETNAM",베트남,VNM,46443.0,46443.0,화장품및화장용품도매업 | 46443 | MEEINTRADINGSERVICECOMPANYLIMITED(MEEINCOLTD) | MEEINTRADINGSERVICECOMPANYLIMITED(MEEINCOLTD) | 46443,화장품및화장용품도매업 | 46443 | meeintradingservicecompanylimited(meeincoltd),1,,info@meein.vn,843-8587-5555,http://meein.vn/,,2020-08-12,2740.135,True,sales_ready
buyer_candidate,한국무역보험공사_화장품 바이어 정보,한국무역보험공사_화장품 바이어 정보_20200812.csv,120,SUNPACCOMPANYLIMITED(SUNPACCOLTD),SUNPACCOMPANYLIMITEDSUNPACCOLTD,"BINHPHUOCBQUARTER,BINHCHUANWARD,THUANANTOWN,BINHDUONGPROVINCE,VIETNAM",베트남,VNM,20423.0,20423.0,화장품제조업 | 20423 | SUNPACCOMPANYLIMITED(SUNPACCOLTD) | SUNPACCOMPANYLIMITED(SUNPACCOLTD) | 20423,화장품제조업 | 20423 | sunpaccompanylimited(sunpaccoltd),1,,,8427-4371-1561,,,2020-08-12,2740.135,False,sales_ready
buyer_candidate,한국무역보험공사_화장품 바이어 정보,한국무역보험공사_화장품 바이어 정보_20200812.csv,67,FGD,FGD,"RESIDENCELEJOYAUII,RUEIBNOUALMOUATAZ,1ERETAGEN¡Æ2,CASABLANCA,MOROCCO",모로코,MAR,46443.0,46443.0,화장품및화장용품도매업 | 46443 | FGD | FGD | 46443,화장품및화장용품도매업 | 46443 | fgd,1,,contact@novatis-group.com,2125-2232-7200,www.novatis-group.com,,2020-08-12,10750.38,False,sales_ready
buyer_candidate,한국무역보험공사_화장품 바이어 정보,한국무역보험공사_화장품 바이어 정보_20200812.csv,122,IPIAKOREACOSMETICSCOMPANYLIMITED(IPIAKOREACOSMETICSCOLTD),IPIAKOREACOSMETICSCOMPANYLIMITEDIPIAKOREACOSMETICSCOLTD,"NO.20,LANE76,NGUYENCHITHANHSTREET,LANGTHUONGWARD,DONGDADISTRICT,HANOICITY,VIETNAM",베트남,VNM,46443.0,46443.0,화장품및화장용품도매업 | 46443 | IPIAKOREACOSMETICSCOMPANYLIMITED(IPIAKOREACOSMETICSCOLTD) | IPIAKOREACOSMETICSCOMPANYLIMITED(IPIAKOREACOSMETICSCOLTD) | 46443,화장품및화장용품도매업 | 46443 | ipiakoreacosmeticscompanylimited(ipiakoreacosmeticscoltd),1,,drhedison@gmail.com,8424-6686-4198,http://drhedison.com.vn,,2020-08-12,2740.135,False,sales_ready
buyer_candidate,한국무역보험공사_화장품 바이어 정보,한국무역보험공사_화장품 바이어 정보_20200812.csv,123,BEAUTIFULLIFEIMPORTEXPORTCOMPANYLIMITED,BEAUTIFULLIFEIMPORTEXPORTCOMPANY,"NO.230TER,PASTEURSTREET,WARD06,DISTRICT3,HOCHIMINHCITY,VIETNAM",베트남,VNM,46443.0,46443.0,화장품및화장용품도매업 | 46443 | BEAUTIFULLIFEIMPORTEXPORTCOMPANYLIMITED | BEAUTIFULLIFEIMPORTEXPORTCOMPANYLIMITED | 46443,화장품및화장용품도매업 | 46443 | beautifullifeimportexportcompanylimited,1,,info@ipretty.vn,8428-6290-6888,www.ipretty.vn,,2020-08-12,2740.135,False,sales_ready
buyer_candidate,한국무역보험공사_화장품 바이어 정보,한국무역보험공사_화장품 바이어 정보_20200812.csv,124,VINACOSMOCOLTD,VINACOSMO,"LOTAN59,ROADNO.15,TANTHUANEXPORTPROCESSINGPARK,TANTHUANDONGWARD,DISTRICT7,HOCHIMINHCITY,VIETNAM",베트남,VNM,20423.0,20423.0,화장품제조업 | 20423 | VINACOSMOCOLTD | VINACOSMOCOLTD | 20423,화장품제조업 | 20423 | vinacosmocoltd,1,,vinacosmo@hcm.vnn.vn,8428-3770-1813,http://www.cosmobeauty.co.jp,,2020-08-12,2740.135,False,sales_ready
buyer_candidate,한국무역보험공사_화장품 바이어 정보,한국무역보험공사_화장품 바이어 정보_20200812.csv,125,BICOLABCOMPANYLIMITED(BICOLABLLC),BICOLABCOMPANYLIMITEDBICOLABLLC,"2NDFLOOR,LIDACO-VINACONEX7TOWER,NO.19,DAITUSTREET,DAIKIMWARD,HOANGMAIDISTRICT,HANOICITY,VIETNAM",베트남,VNM,46443.0,46443.0,화장품및화장용품도매업 | 46443 | BICOLABCOMPANYLIMITED(BICOLABLLC) | BICOLABCOMPANYLIMITED(BICOLABLLC) | 46443,화장품및화장용품도매업 | 46443 | bicolabcompanylimited(bicolabllc),1,,bicolabvn@gmail.com,849-6122-6222,https://www.bicolab.vn/,,2020-08-12,2740.135,False,sales_ready
buyer_candidate,한국무역보험공사_화장품 바이어 정보,한국무역보험공사_화장품 바이어 정보_20200812.csv,110,ASSOCIATEDSERVICES,ASSOCIATEDSERVICES,"425,BOROMAGBAZARRAMNADHAKA,DHAKA,BANGLADESH",방글라데시,BGD,46443.0,46443.0,화장품및화장용품도매업 | 46443 | ASSOCIATEDSERVICES | ASSOCIATEDSERVICES | 46443,화장품및화장용품도매업 | 46443 | associatedservices,1,,fawa5624@gmail.com,880-2901-5178,,,2020-08-12,3800.079,False,sales_ready
buyer_candidate,한국무역보험공사_화장품 바이어 정보,한국무역보험공사_화장품 바이어 정보_20200812.csv,111,UNITRADEINTERNATIONAL,UNITRADEINTERNATIONAL,"YMCABHABAN(1STFLOOR),1/1,PIONEERROAD,KAKRAIL(RAMNA),DHAKA-1000,BANGLADESH",방글라데시,BGD,46443.0,46443.0,화장품및화장용품도매업 | 46443 | UNITRADEINTERNATIONAL | UNITRADEINTERNATIONAL | 46443,화장품및화장용품도매업 | 46443 | unitradeinternational,1,,unitradeintl_bd@yahoo.com,880-2935-4977,,,2020-08-12,3800.079,False,sales_ready
buyer_candidate,한국무역보험공사_화장품 바이어 정보,한국무역보험공사_화장품 바이어 정보_20200812.csv,112,MARICOBANGLADESHLIMITED,MARICOBANGLADESH,"HOUSE-1,ROAD-1,SECTOR-1,UTTARA,DHAKA-1230,BANGLADESH",방글라데시,BGD,20423.0,20423.0,화장품제조업 | 20423 | MARICOBANGLADESHLIMITED | MARICOBANGLADESHLIMITED | 20423,화장품제조업 | 20423 | maricobangladeshlimited,1,,info@marico.com,,www.marico.com/bangladesh,,2020-08-12,3800.079,False,sales_ready
buyer_candidate,한국무역보험공사_화장품 바이어 정보,한국무역보험공사_화장품 바이어 정보_20200812.csv,113,VINAKORHANQUOCCORPORATIONCOMPANY(VINAKORHANQUOCCORP),VINAKORHANQUOCCORPORATIONCOMPANYVINAKORHANQUOCCORP,"429/36NGUYENKIEMSTREET,WARD09,PHUNHUANDISTRICT,HCMC,VIETNAM",베트남,VNM,46443.0,46443.0,화장품및화장용품도매업 | 46443 | VINAKORHANQUOCCORPORATIONCOMPANY(VINAKORHANQUOCCORP) | VINAKORHANQUOCCORPORATIONCOMPANY(VINAKORHANQUOCCORP) | 46443,화장품및화장용품도매업 | 46443 | vinakorhanquoccorporationcompany(vinakorhanquoccorp),1,,info@vinakor.net,,http://vinakor.net,,2020-08-12,2740.135,True,sales_ready
buyer_candidate,한국무역보험공사_화장품 바이어 정보,한국무역보험공사_화장품 바이어 정보_20200812.csv,114,SARTVIETNAMSINGLEMEMBERCOMPANYLIMITED,SARTVIETNAMSINGLEMEMBERCOMPANY,"11THFLOOR,ANPHUBUILDING,NO.24,HOANGQUOCVIETSTREET,NGHIADOWARD,CAUGIAYDISTRICT,HANOICITY,VIETNAM",베트남,VNM,46443.0,46443.0,화장품및화장용품도매업 | 46443 | SARTVIETNAMSINGLEMEMBERCOMPANYLIMITED | SARTVIETNAMSINGLEMEMBERCOMPANYLIMITED | 46443,화장품및화장용품도매업 | 46443 | sartvietnamsinglemembercompanylimited,1,,,849-6979-2951,,,2020-08-12,2740.135,False,sales_ready
buyer_candidate,한국무역보험공사_화장품 바이어 정보,한국무역보험공사_화장품 바이어 정보_20200812.csv,115,SYKOREACOMPANYLIMITED(SYKOREACOLTD),SYKOREACOMPANYLIMITEDSYKOREACOLTD,"SUITE301,FLOOR3,NO.68TRANTHAITONGSTREET,DICHVONGHAUWARD,CAUGIAYDISTRICT,HANOICITY,VIETNAM",베트남,VNM,46443.0,46443.0,화장품및화장용품도매업 | 46443 | SYKOREACOMPANYLIMITED(SYKOREACOLTD) | SYKOREACOMPANYLIMITED(SYKOREACOLTD) | 46443,화장품및화장용품도매업 | 46443 | sykoreacompanylimited(sykoreacoltd),1,,,849-6889-1051,,,2020-08-12,2740.135,False,sales_ready
buyer_candidate,한국무역보험공사_화장품 바이어 정보,한국무역보험공사_화장품 바이어 정보_20200812.csv,116,DELOVECOSMETICCOMPANYLIMITED(DELOVECOSMETICCOLTD),DELOVECOSMETICCOMPANYLIMITEDDELOVECOSMETICCOLTD,"NO.313/2A,BATHANGHAISTREET,WARD10,DISTRICT10,HOCHIMINHCITY,VIETNAM",베트남,VNM,46443.0,46443.0,화장품및화장용품도매업 | 46443 | DELOVECOSMETICCOMPANYLIMITED(DELOVECOSMETICCOLTD) | DELOVECOSMETICCOMPANYLIMITED(DELOVECOSMETICCOLTD) | 46443,화장품및화장용품도매업 | 46443 | delovecosmeticcompanylimited(delovecosmeticcoltd),1,,myphamdelove@gmail.com,849-0977-2420,http://myphamdelove.com,,2020-08-12,2740.135,False,sales_ready
buyer_candidate,한국무역보험공사_화장품 바이어 정보,한국무역보험공사_화장품 바이어 정보_20200812.csv,117,PANDAGROUPJOINTSTOCKCOMPANY(PANDAGRJSC),PANDAGROUPJOINTSTOCKCOMPANYPANDAGRJSC,"NO.72NGUYENKHANGSTREET,YENHOAWARD,CAUGIAYDISTRICT,HANOICITY,VIETNAM",베트남,VNM,46443.0,46443.0,화장품및화장용품도매업 | 46443 | PANDAGROUPJOINTSTOCKCOMPANY(PANDAGRJSC) | PANDAGROUPJOINTSTOCKCOMPANY(PANDAGRJSC) | 46443,화장품및화장용품도매업 | 46443 | pandagroupjointstockcompany(pandagrjsc),1,,info@pandagroup.com.vn,8424-6666-6838,http://pandagroup.com.vn,,2020-08-12,2740.135,False,sales_ready
buyer_candidate,한국무역보험공사_화장품 바이어 정보,한국무역보험공사_화장품 바이어 정보_20200812.csv,6,CYJINTERNATIONALTAIWANINC,CYJINTERNATIONALTAIWAN,"4F-1,872,CHUNGCHENGRD.,CHUNGHEDIST.,NEWTAIPEICITY,23586,TAIWAN(R.O.C.)",대만,TWN,46443.0,46443.0,화장품및화장용품도매업 | 46443 | CYJINTERNATIONALTAIWANINC | CYJINTERNATIONALTAIWANINC | 46443,화장품및화장용품도매업 | 46443 | cyjinternationaltaiwaninc,1,,info@drcyjhcc.com.tw,8862-2221-7242,https://www.drcyjhcc.com.tw,,2020-08-12,1475.758,True,sales_ready
buyer_candidate,한국무역보험공사_화장품 바이어 정보,한국무역보험공사_화장품 바이어 정보_20200812.csv,7,CLOVERSBIOTECHNOLOGYCOLTD,CLOVERSBIOTECHNOLOGY,"17F-5,16F-1,NO.75,XINTAI5THRD.,SEC.1,XIZHIDIST.,NEWTAIPEICITY,22101,TAIWAN(R.O.C.)",대만,TWN,46443.0,46443.0,화장품및화장용품도매업 | 46443 | CLOVERSBIOTECHNOLOGYCOLTD | CLOVERSBIOTECHNOLOGYCOLTD | 46443,화장품및화장용품도매업 | 46443 | cloversbiotechnologycoltd,1,,info@cloversmedtech.com,8862-8698-1098,http://www.cloversmedtech.com/,,2020-08-12,1475.758,True,sales_ready
buyer_candidate,한국무역보험공사_화장품 바이어 정보,한국무역보험공사_화장품 바이어 정보_20200812.csv,104,KAYVADISTRIBUTIONLLC,KAYVADISTRIBUTION,2201NW102PLUNIT4AMIAMIFL33131,2201NW102PLUNIT4AMIAMIFL33131,,20423.0,20423.0,화장품제조업 | 20423 | KAYVADISTRIBUTIONLLC | KAYVADISTRIBUTIONLLC | 20423,화장품제조업 | 20423 | kayvadistributionllc,1,,,30-5428-2816,,,2020-08-12,,False,sales_ready
buyer_candidate,한국무역보험공사_화장품 바이어 정보,한국무역보험공사_화장품 바이어 정보_20200812.csv,105,COSMETIXWEST,COSMETIXWEST,2305UTAHAVENUE90245ELSEGUNDOCALIFORNIAUNITEDSTATESOFAMERICA/US,미국,USA,20423.0,20423.0,화장품제조업 | 20423 | COSMETIXWEST | COSMETIXWEST | 20423,화장품제조업 | 20423 | cosmetixwest,1,,info@cosmetixwest.com,131-0726-3080,http://www.cosmetixwest.com,,2020-08-12,11065.7,False,sales_ready
buyer_candidate,한국무역보험공사_화장품 바이어 정보,한국무역보험공사_화장품 바이어 정보_20200812.csv,106,FAROUKSYSTEMSINC,FAROUKSYSTEMS,250PENNBRIGHTDRHOUSTONTX77090,통가,TON,20423.0,20423.0,화장품제조업 | 20423 | FAROUKSYSTEMSINC | FAROUKSYSTEMSINC | 20423,화장품제조업 | 20423 | farouksystemsinc,1,,,28-1876-2000,,,2020-08-12,8895.192,False,sales_ready
buyer_candidate,한국무역보험공사_화장품 바이어 정보,한국무역보험공사_화장품 바이어 정보_20200812.csv,107,SGBPACKAGINGGROUPINC,SGBPACKAGINGGROUP,401HACKENSACKAVE7THFLRHACKENSACKNJ07601,케냐,KEN,20423.0,20423.0,화장품제조업 | 20423 | SGBPACKAGINGGROUPINC | SGBPACKAGINGGROUPINC | 20423,화장품제조업 | 20423 | sgbpackaginggroupinc,1,,,20-1488-3030,,,2020-08-12,10118.59,False,sales_ready
buyer_candidate,한국무역보험공사_화장품 바이어 정보,한국무역보험공사_화장품 바이어 정보_20200812.csv,108,BEAUTYSYSTEMSGROUPLLC,BEAUTYSYSTEMSGROUP,3001COLORADOBOULEVARD76210DENTONTEXASUNITEDSTATESOFAMERICA,미국,USA,46443.0,46443.0,화장품및화장용품도매업 | 46443 | BEAUTYSYSTEMSGROUPLLC | BEAUTYSYSTEMSGROUPLLC | 46443,화장품및화장용품도매업 | 46443 | beautysystemsgroupllc,1,,info@cosmoprofbeauty.com,194-0898-7500,http://www.cosmoprofbeauty.com,,2020-08-12,11065.7,True,sales_ready
buyer_candidate,한국무역보험공사_화장품 바이어 정보,한국무역보험공사_화장품 바이어 정보_20200812.csv,109,ALBAHARTRADINGCOWLL,ALBAHARTRADINGCOWLL,"BUILDING542,STREET329SHAIKHABDULLAAVENUE,BLOCK304,MANAMACENTER,P.O.BOX:2874,BAHRAIN",바레인,BHR,47813.0,47813.0,"화장품,비누및방향제소매업 | 47813 | ALBAHARTRADINGCOWLL | ALBAHARTRADINGCOWLL | 47813",화장품 | 비누및방향제소매업 | 47813 | albahartradingcowll,1,,albahar.bh@batelco.com.bh,973-1727-2134,,,2020-08-12,7136.002,False,sales_ready
buyer_candidate,한국무역보험공사_화장품 바이어 정보,한국무역보험공사_화장품 바이어 정보_20200812.csv,71,PERSONALIZEDBEAUTYDISCOVERYINC,PERSONALIZEDBEAUTYDISCOVERY,"201BALDWINAVEFL2SANMATEO,CA94401","201BALDWINAVEFL2SANMATEO,CA94401",,47813.0,47813.0,"화장품,비누및방향제소매업 | 47813 | PERSONALIZEDBEAUTYDISCOVERYINC | PERSONALIZEDBEAUTYDISCOVERYINC | 47813",화장품 | 비누및방향제소매업 | 47813 | personalizedbeautydiscoveryinc,1,,info@ipsy.com,88-8769-4526,www.ipsy.com,,2020-08-12,,True,sales_ready
buyer_candidate,한국무역보험공사_화장품 바이어 정보,한국무역보험공사_화장품 바이어 정보_20200812.csv,90,LEEANDGENGLOBALCORPORATION,LEEANDGENGLOBAL,"17210MARQUARDTAVE.CERRITOS,CA90703",모로코,MAR,46443.0,46443.0,화장품및화장용품도매업 | 46443 | LEEANDGENGLOBALCORPORATION | LEEANDGENGLOBALCORPORATION | 46443,화장품및화장용품도매업 | 46443 | leeandgenglobalcorporation,1,,wjlee@iworldus.com,56-2333-8284,www.iworldus.com,,2020-08-12,10750.38,False,sales_ready
buyer_candidate,한국무역보험공사_화장품 바이어 정보,한국무역보험공사_화장품 바이어 정보_20200812.csv,91,KJKOREAINC,KJKOREA,3250WOLYMPICBLVDSTE22490006LOSANGELESCALIFORNIAUNITEDSTATESOFAMERICA/US,미국,USA,46443.0,46443.0,화장품및화장용품도매업 | 46443 | KJKOREAINC | KJKOREAINC | 46443,화장품및화장용품도매업 | 46443 | kjkoreainc,1,,sales@ohhealthkorea.com,121-3393-2824,http://www.eng.ohhealthkorea.com/,,2020-08-12,11065.7,False,sales_ready
buyer_candidate,한국무역보험공사_화장품 바이어 정보,한국무역보험공사_화장품 바이어 정보_20200812.csv,92,EVOLUESKINCAREINC,EVOLUESKINCARE,"287S.ROBERTSONBLVD.STE363,BEVERLYHILLS,CA90211","287S.ROBERTSONBLVD.STE363,BEVERLYHILLS,CA90211",,46443.0,46443.0,화장품및화장용품도매업 | 46443 | EVOLUESKINCAREINC | EVOLUESKINCAREINC | 46443,화장품및화장용품도매업 | 46443 | evolueskincareinc,1,,kristin@evoluebeauty.com,31-0569-6976,www.evolue.com,,2020-08-12,,False,sales_ready
buyer_candidate,한국무역보험공사_화장품 바이어 정보,한국무역보험공사_화장품 바이어 정보_20200812.csv,93,DKSHNORTHAMERICAINC,DKSHNORTHAMERICA,350CLARKDRSTE325BUDDLAKENJ07828,케냐,KEN,47813.0,47813.0,"화장품,비누및방향제소매업 | 47813 | DKSHNORTHAMERICAINC | DKSHNORTHAMERICAINC | 47813",화장품 | 비누및방향제소매업 | 47813 | dkshnorthamericainc,1,,,97-3810-5511,,,2020-08-12,10118.59,False,sales_ready
buyer_candidate,한국무역보험공사_화장품 바이어 정보,한국무역보험공사_화장품 바이어 정보_20200812.csv,94,KOLMARLABORATORIESINC,KOLMARLABORATORIES,20WESTKINGSTREET12771PORTJERVISNEWYORKUNITEDSTATESOFAMERICA,미국,USA,20423.0,20423.0,화장품제조업 | 20423 | KOLMARLABORATORIESINC | KOLMARLABORATORIESINC | 20423,화장품제조업 | 20423 | kolmarlaboratoriesinc,1,,info@kolmar.com,184-5856-5311,http://www.kdc-one.com/network/kolmar/,,2020-08-12,11065.7,False,sales_ready
buyer_candidate,한국무역보험공사_화장품 바이어 정보,한국무역보험공사_화장품 바이어 정보_20200812.csv,95,INTERMOUNTAINNUTRITIONLLC,INTERMOUNTAINNUTRITION,1851WESTUTAHAVENUE84651PAYSONUTAHUNITEDSTATESOFAMERICA/US,미국,USA,20423.0,20423.0,화장품제조업 | 20423 | INTERMOUNTAINNUTRITIONLLC | INTERMOUNTAINNUTRITIONLLC | 20423,화장품제조업 | 20423 | intermountainnutritionllc,1,,info@intermountainnutrition.com,180-1788-4350,https://www.intermountainnutrition.com,,2020-08-12,11065.7,True,sales_ready
buyer_candidate,한국무역보험공사_화장품 바이어 정보,한국무역보험공사_화장품 바이어 정보_20200812.csv,96,FAREVAMORTONGROVEINC,FAREVAMORTONGROVE,"6901GOLFRDMORTONGROVE,IL60053",통가,TON,20423.0,20423.0,화장품제조업 | 20423 | FAREVAMORTONGROVEINC | FAREVAMORTONGROVEINC | 20423,화장품제조업 | 20423 | farevamortongroveinc,1,,,84-7966-0200,,,2020-08-12,8895.192,False,sales_ready
buyer_candidate,한국무역보험공사_화장품 바이어 정보,한국무역보험공사_화장품 바이어 정보_20200812.csv,81,FARSEDAKISHOLDINGSLLC,FARSEDAKISHOLDINGS,"17605CIRCLEPONDCTBOCARATON,FL33496",통가,TON,46443.0,46443.0,화장품및화장용품도매업 | 46443 | FARSEDAKISHOLDINGSLLC | FARSEDAKISHOLDINGSLLC | 46443,화장품및화장용품도매업 | 46443 | farsedakisholdingsllc,1,,,56-1482-5234,,,2020-08-12,8895.192,False,sales_ready
buyer_candidate,한국무역보험공사_화장품 바이어 정보,한국무역보험공사_화장품 바이어 정보_20200812.csv,82,FENCHEMINC,FENCHEM,15308ELPRADORDCHINOCA91710,15308ELPRADORDCHINOCA91710,,20423.0,20423.0,화장품제조업 | 20423 | FENCHEMINC | FENCHEMINC | 20423,화장품제조업 | 20423 | fencheminc,1,,,90-9597-8880,,,2020-08-12,,False,sales_ready
buyer_candidate,한국무역보험공사_화장품 바이어 정보,한국무역보험공사_화장품 바이어 정보_20200812.csv,83,MAESALLC,MAESA,225LIBERTYST23RDFLNEWYORKNY10281,225LIBERTYST23RDFLNEWYORKNY10281,,20423.0,20423.0,화장품제조업 | 20423 | MAESALLC | MAESALLC | 20423,화장품제조업 | 20423 | maesallc,1,,,21-2674-5555,,,2020-08-12,,False,sales_ready
buyer_candidate,한국무역보험공사_화장품 바이어 정보,한국무역보험공사_화장품 바이어 정보_20200812.csv,84,ROSEDENUITLLC,ROSEDENUIT,"4841W.ROYALLN.IRVING,TX75063","4841W.ROYALLN.IRVING,TX75063",,46443.0,46443.0,화장품및화장용품도매업 | 46443 | ROSEDENUITLLC | ROSEDENUITLLC | 46443,화장품및화장용품도매업 | 46443 | rosedenuitllc,1,,hayan410@kumwon.co.kr,97-2232-7253,www.rosedenuit.com,,2020-08-12,,False,sales_ready
buyer_candidate,한국무역보험공사_화장품 바이어 정보,한국무역보험공사_화장품 바이어 정보_20200812.csv,85,PRETTYWOMANLLC,PRETTYWOMAN,35CORPORATEDRIVE11742HOLTSVILLENEWYORKUNITEDSTATESOFAMERICA/US,미국,USA,20423.0,20423.0,화장품제조업 | 20423 | PRETTYWOMANLLC | PRETTYWOMANLLC | 20423,화장품제조업 | 20423 | prettywomanllc,1,,shop@prettywomanusa.com,163-1438-0480,https://www.prettywomannyc.com/,,2020-08-12,11065.7,False,sales_ready
buyer_candidate,한국무역보험공사_화장품 바이어 정보,한국무역보험공사_화장품 바이어 정보_20200812.csv,86,VIORIBEAUTYLLC,VIORIBEAUTY,325W500NSUITE#584601PROVOUTAHUNITEDSTATESOFAMERICA/US,미국,USA,47813.0,47813.0,"화장품,비누및방향제소매업 | 47813 | VIORIBEAUTYLLC | VIORIBEAUTYLLC | 47813",화장품 | 비누및방향제소매업 | 47813 | vioribeautyllc,1,,support@viori.com,180-1900-1687,https://viori.com,,2020-08-12,11065.7,False,sales_ready
buyer_candidate,한국무역보험공사_화장품 바이어 정보,한국무역보험공사_화장품 바이어 정보_20200812.csv,87,ESCUSACORP,ESCUSA,"4147150THST1STFL,FLUSHING,NY11355","4147150THST1STFL,FLUSHING,NY11355",,46443.0,46443.0,화장품및화장용품도매업 | 46443 | ESCUSACORP | ESCUSACORP | 46443,화장품및화장용품도매업 | 46443 | escusacorp,1,,,91-7563-5574,,,2020-08-12,,False,sales_ready
buyer_candidate,한국무역보험공사_화장품 바이어 정보,한국무역보험공사_화장품 바이어 정보_20200812.csv,88,UNITEDEXCHANGECORP,UNITEDEXCHANGE,"5836CORPORATEAVE.CYPRESS,CA90630",사이프러스,CYP,46443.0,46443.0,화장품및화장용품도매업 | 46443 | UNITEDEXCHANGECORP | UNITEDEXCHANGECORP | 46443,화장품및화장용품도매업 | 46443 | unitedexchangecorp,1,,eugene@ueccorp.com,56-2977-4500,,,2020-08-12,8012.453,False,sales_ready
buyer_candidate,한국무역보험공사_화장품 바이어 정보,한국무역보험공사_화장품 바이어 정보_20200812.csv,9,KAOTAIWANCORPORATION,KAOTAIWAN,"10F,207,BEIXINGRD.,SEC.3,XINDIANDIST.,NEWTAIPEICITY,23143,TAIWAN(R.O.C.)",대만,TWN,20423.0,20423.0,화장품제조업 | 20423 | KAOTAIWANCORPORATION | KAOTAIWANCORPORATION | 20423,화장품제조업 | 20423 | kaotaiwancorporation,1,,info@kao.com.tw,8862-8665-1900,www.kao.com.tw,,2020-08-12,1475.758,True,sales_ready
buyer_candidate,한국무역보험공사_화장품 바이어 정보,한국무역보험공사_화장품 바이어 정보_20200812.csv,10,KINGYUANTRADINGCOLTD,KINGYUANTRADING,"10,LANE26,HSINYIRD.,PANCHIAODIST.,NEWTAIPEICITY,22061,TAIWAN(R.O.C.)",대만,TWN,46443.0,46443.0,화장품및화장용품도매업 | 46443 | KINGYUANTRADINGCOLTD | KINGYUANTRADINGCOLTD | 46443,화장품및화장용품도매업 | 46443 | kingyuantradingcoltd,1,,info@izumi.com.tw,8862-8967-1089,www.izumi.com.tw,,2020-08-12,1475.758,True,sales_ready
buyer_candidate,한국무역보험공사_화장품 바이어 정보,한국무역보험공사_화장품 바이어 정보_20200812.csv,11,CHEMGARDANENTERPRISEINC,CHEMGARDANENTERPRISE,"1F,4,ALLEY35,LANE175,HOPINGE.RD.,SEC.2,TAANDIST.,TAIPEICITY,10664,TAIWAN(R.O.C.)",대만,TWN,46443.0,46443.0,화장품및화장용품도매업 | 46443 | CHEMGARDANENTERPRISEINC | CHEMGARDANENTERPRISEINC | 46443,화장품및화장용품도매업 | 46443 | chemgardanenterpriseinc,1,,,8862-2707-5385,,,2020-08-12,1475.758,False,sales_ready
buyer_candidate,한국무역보험공사_화장품 바이어 정보,한국무역보험공사_화장품 바이어 정보_20200812.csv,76,JPPOLYINC,JPPOLY,"7700LITTLERIVERTPKESUITE205ANNANDALE,VA22003",안도라,AND,46443.0,46443.0,화장품및화장용품도매업 | 46443 | JPPOLYINC | JPPOLYINC | 46443,화장품및화장용품도매업 | 46443 | jppolyinc,1,,,57-1274-5087,,,2020-08-12,9559.896,False,sales_ready
buyer_candidate,한국무역보험공사_화장품 바이어 정보,한국무역보험공사_화장품 바이어 정보_20200812.csv,77,PACIFICWORLDCORPORATION,PACIFICWORLD,100TECHNOLOGYDRSTE200IRVINECA92618,중국,CHN,20423.0,20423.0,화장품제조업 | 20423 | PACIFICWORLDCORPORATION | PACIFICWORLDCORPORATION | 20423,화장품제조업 | 20423 | pacificworldcorporation,1,,,94-9598-2400,,,2020-08-12,955.6511,False,sales_ready
buyer_candidate,한국무역보험공사_화장품 바이어 정보,한국무역보험공사_화장품 바이어 정보_20200812.csv,78,NAILMARTINC,NAILMART,"321BROADAVESUITE127&131,RIDGEFIELD,NJ07657","321BROADAVESUITE127&131,RIDGEFIELD,NJ07657",,46443.0,46443.0,화장품및화장용품도매업 | 46443 | NAILMARTINC | NAILMARTINC | 46443,화장품및화장용품도매업 | 46443 | nailmartinc,1,,,20-1941-5777,,,2020-08-12,,False,sales_ready
buyer_candidate,한국무역보험공사_화장품 바이어 정보,한국무역보험공사_화장품 바이어 정보_20200812.csv,79,SEPHORAUSAINC,SEPHORAUSA,525MARKETSTREET32NDFLOOR94105SANFRANCISCOCALIFORNIAUNITEDSTATESOFAMERICA/US,미국,USA,47813.0,47813.0,"화장품,비누및방향제소매업 | 47813 | SEPHORAUSAINC | SEPHORAUSAINC | 47813",화장품 | 비누및방향제소매업 | 47813 | sephorausainc,1,,privacy@sephora.com,187-7737-4672,http://www.sephora.com,,2020-08-12,11065.7,False,sales_ready
buyer_candidate,한국무역보험공사_화장품 바이어 정보,한국무역보험공사_화장품 바이어 정보_20200812.csv,80,AMERICOSINC,AMERICOS,"14555VALLEYVIEWAVE.#B,SANTAFESPRINGS,CA90670",네덜란드령 안틸레스,ANT,46443.0,46443.0,화장품및화장용품도매업 | 46443 | AMERICOSINC | AMERICOSINC | 46443,화장품및화장용품도매업 | 46443 | americosinc,1,,kimchiman@gmail.com,71-4244-5230,www.kbeautywholesale.com,,2020-08-12,14267.82,False,sales_ready
buyer_candidate,한국무역보험공사_화장품 바이어 정보,한국무역보험공사_화장품 바이어 정보_20200812.csv,22,POLYTECHANDNETGMBH,POLYTECHANDNET,AMKRONBERGERHANG2D65824SCHWALBACH,알바니아,ALB,46443.0,46443.0,화장품및화장용품도매업 | 46443 | POLYTECHANDNETGMBH | POLYTECHANDNETGMBH | 46443,화장품및화장용품도매업 | 46443 | polytechandnetgmbh,1,,info@ptn-global.com,619-6953-4251,www.ptn-global.com,,2020-08-12,8562.792,False,sales_ready
buyer_candidate,한국무역보험공사_화장품 바이어 정보,한국무역보험공사_화장품 바이어 정보_20200812.csv,65,ENERGIA5MAS1COMERCIOSADECV,ENERGIA5MAS1COMERCIOSADECV,"CIRCUITODELAINDUSTRIASURNO.36INT.EYD,COL.PARQUEINDUSTRIALLERMA,TOLUCA,C.P.52000,ESTADODEMEXICO,MEXICO",멕시코,MEX,46443.0,46443.0,화장품및화장용품도매업 | 46443 | ENERGIA5MAS1COMERCIOSADECV | ENERGIA5MAS1COMERCIOSADECV | 46443,화장품및화장용품도매업 | 46443 | energia5mas1comerciosadecv,1,,info@5mas1.com.mx,5272-8282-1749,www.5mas1.com.mx,,2020-08-12,12066.01,False,sales_ready
buyer_candidate,한국무역보험공사_화장품 바이어 정보,한국무역보험공사_화장품 바이어 정보_20200812.csv,64,BEIERSDORFMANUFACTURINGMEXICOSADECV,BEIERSDORFMANUFACTURINGMEXICOSADECV,"CTO.SANROQUEPONIENTEYNTENO.210MZ.1LT56,COL.P.I.STA.FEAMPLIACIONSILAO,SILAO,C.P.36275,GUANAJUATO,MEXICO",멕시코,MEX,20423.0,20423.0,화장품제조업 | 20423 | BEIERSDORFMANUFACTURINGMEXICOSADECV | BEIERSDORFMANUFACTURINGMEXICOSADECV | 20423,화장품제조업 | 20423 | beiersdorfmanufacturingmexicosadecv,1,,fabiola.delavega@biersdorf.com,5247-2103-7528,,,2020-08-12,12066.01,False,sales_ready
buyer_candidate,한국무역보험공사_화장품 바이어 정보,한국무역보험공사_화장품 바이어 정보_20200812.csv,31,LABORATORYOFINNOVATIONSLLC,LABORATORYOFINNOVATIONS,"2-NDROSCHINSKIYPASSAGE,8,BUILDING5,FLOOR2,PREM.XIII,BLOCK36,MOSCOW,MOSCOWREGION,115419,,RUSSIANFEDERATION",러시아연방,RUS,46443.0,46443.0,화장품및화장용품도매업 | 46443 | LABORATORYOFINNOVATIONSLLC | LABORATORYOFINNOVATIONSLLC | 46443,화장품및화장용품도매업 | 46443 | laboratoryofinnovationsllc,1,,info@rushop.lg.com,780-0500-6535,https://rushop.lg.com/,,2020-08-12,6614.064,True,sales_ready
buyer_candidate,한국무역보험공사_화장품 바이어 정보,한국무역보험공사_화장품 바이어 정보_20200812.csv,30,NARODNYEPROMYSLYLLC,NARODNYEPROMYSLY,"GOSTINICHNAYASTREET3,FLOOR5,OFFICEBLOCK520-521,MOSCOW,MOSCOWREGION,127106,RUSSIANFEDERATION",러시아연방,RUS,20423.0,20423.0,화장품제조업 | 20423 | NARODNYEPROMYSLYLLC | NARODNYEPROMYSLYLLC | 20423,화장품제조업 | 20423 | narodnyepromyslyllc,1,,info@narodkosmetika.ru,749-5788-7276,www.narodkosmetika.ru,,2020-08-12,6614.064,False,sales_ready
buyer_candidate,한국무역보험공사_화장품 바이어 정보,한국무역보험공사_화장품 바이어 정보_20200812.csv,121,UNIVERSEGENERALTRADINGSERVICESJOINTSTOCKCOMPANY(UNIVERSEGENERALTRADINGSERVICESJSC),UNIVERSEGENERALTRADINGSERVICESJOINTSTOCKCOMPANYUNIVERSEGENERALTRADINGSERVICESJSC,"NO.296,HAIBATRUNGSTREET,TANDINHWARD,DISTRICT1,HOCHIMINHCITY,VIETNAM",베트남,VNM,46443.0,46443.0,화장품및화장용품도매업 | 46443 | UNIVERSEGENERALTRADINGSERVICESJOINTSTOCKCOMPANY(UNIVERSEGENERALTRADINGSERVICESJSC) | UNIVERSEGENERALTRADINGSERVICESJOINTSTOCKCOMPANY(UNIVERSEGENERALTRADINGSERVICESJSC) | 46443,화장품및화장용품도매업 | 46443 | universegeneraltradingservicesjointstockcompany(universegeneraltradingservicesjsc),1,,customercare@hsvgroup.com.vn,8428-3829-3105,https://beautybox.com.vn/,,2020-08-12,2740.135,False,sales_ready
buyer_candidate,한국무역보험공사_화장품 바이어 정보,한국무역보험공사_화장품 바이어 정보_20200812.csv,89,UNIVERSALBEAUTYPRODUCTSINC,UNIVERSALBEAUTYPRODUCTS,"500WALLSTGLENDALEHEIGHTS,IL60139","500WALLSTGLENDALEHEIGHTS,IL60139",,20423.0,20423.0,화장품제조업 | 20423 | UNIVERSALBEAUTYPRODUCTSINC | UNIVERSALBEAUTYPRODUCTSINC | 20423,화장품제조업 | 20423 | universalbeautyproductsinc,1,,info@universalbeauty.com,84-7805-4100,universalbeauty.com,,2020-08-12,,True,sales_ready
buyer_candidate,한국무역보험공사_화장품 바이어 정보,한국무역보험공사_화장품 바이어 정보_20200812.csv,8,MIRACODECOLTD,MIRACODE,"3F,7,ALLEY6,LANE170,CHUNGHSIAOE.RD.,SEC.4,DAANDIST,TAIPEICITY,TAIWANR.O.C.",대만,TWN,46443.0,46443.0,화장품및화장용품도매업 | 46443 | MIRACODECOLTD | MIRACODECOLTD | 46443,화장품및화장용품도매업 | 46443 | miracodecoltd,1,,info@miracode.com,8862-2388-2158,www.miracode.com,,2020-08-12,1475.758,True,sales_ready
buyer_candidate,한국무역보험공사_화장품 바이어 정보,한국무역보험공사_화장품 바이어 정보_20200812.csv,185,OTELOYFABELLSA,OTELOYFABELL,KM.15VIAADAULEAV.LUISCHIRIBOGAGUAYAQUILGUAYAQUILECUADOR,에콰도르,ECU,20423.0,20423.0,화장품제조업 | 20423 | OTELOYFABELLSA | OTELOYFABELLSA | 20423,화장품제조업 | 20423 | oteloyfabellsa,1,,pgomez@otelo.ec,593-4216-0000,www.otelofabell.com,,2020-08-12,15129.37,False,sales_ready
buyer_candidate,한국무역보험공사_화장품 바이어 정보,한국무역보험공사_화장품 바이어 정보_20200812.csv,186,GRUPOCARSENSADECV,GRUPOCARSENSADECV,"CARRETERAANEJAPAKM.20,COMPLEJODEOFIBODEGAS,BODEGA#2,SANSALVADOR,ELSALVADOR",엘살바도르,SLV,46443.0,46443.0,화장품및화장용품도매업 | 46443 | GRUPOCARSENSADECV | GRUPOCARSENSADECV | 46443,화장품및화장용품도매업 | 46443 | grupocarsensadecv,1,,mflores@grupocarsen.com,503-2263-1556,www.grupocarsen.com,,2020-08-12,13198.76,False,sales_ready
buyer_candidate,한국무역보험공사_화장품 바이어 정보,한국무역보험공사_화장품 바이어 정보_20200812.csv,188,BCMLIMITED,BCM,1THANEROADWESTNOTTINGHAMENGLANDNG23AAUNITEDKINGDOM,영국,GBR,20423.0,20423.0,화장품제조업 | 20423 | BCMLIMITED | BCMLIMITED | 20423,화장품제조업 | 20423 | bcmlimited,1,,commercial.bcm@fareva.com,11-5968-6326,www.bcm-manufacturing.com,,2020-08-12,8875.39,False,sales_ready
buyer_candidate,한국무역보험공사_화장품 바이어 정보,한국무역보험공사_화장품 바이어 정보_20200812.csv,189,BEAUTYBAYLIMITED,BEAUTYBAY,"LEVEL12NUMBER5,EXCHANGEQUAY,MANCHESTER,M53EF.",스위스,CHE,47813.0,47813.0,"화장품,비누및방향제소매업 | 47813 | BEAUTYBAYLIMITED | BEAUTYBAYLIMITED | 47813",화장품 | 비누및방향제소매업 | 47813 | beautybaylimited,1,,sales@beautybay.com,87-0747-1361,www.beautybay.com,,2020-08-12,8878.165,False,sales_ready
buyer_candidate,한국무역보험공사_화장품 바이어 정보,한국무역보험공사_화장품 바이어 정보_20200812.csv,190,IMPULSEGLOBALSOLUTIONSLIMITED,IMPULSEGLOBALSOLUTIONS,"5ARMSTONROAD,QUORN,LOUGHBOROUGH,LE128QP.",루마니아,ROU,46443.0,46443.0,화장품및화장용품도매업 | 46443 | IMPULSEGLOBALSOLUTIONSLIMITED | IMPULSEGLOBALSOLUTIONSLIMITED | 46443,화장품및화장용품도매업 | 46443 | impulseglobalsolutionslimited,1,,steve@impulse.co.uk,14-5561-8629,,,2020-08-12,,False,sales_ready
buyer_candidate,한국무역보험공사_화장품 바이어 정보,한국무역보험공사_화장품 바이어 정보_20200812.csv,191,REVOLUTIONBEAUTYLIMITED,REVOLUTIONBEAUTY,"2-3SHEETGLASSROAD,CULLETDRIVE,QUEENBOROUGH,KENT,ME115JS.",루마니아,ROU,46443.0,46443.0,화장품및화장용품도매업 | 46443 | REVOLUTIONBEAUTYLIMITED | REVOLUTIONBEAUTYLIMITED | 46443,화장품및화장용품도매업 | 46443 | revolutionbeautylimited,1,,info@revolutionbeauty.com,33-0111-0032,www.revolutionbeauty.com,,2020-08-12,,True,sales_ready
buyer_candidate,한국무역보험공사_화장품 바이어 정보,한국무역보험공사_화장품 바이어 정보_20200812.csv,192,AUMEXGMBH,AUMEX,KAISERGASSE304020LINZOBEROESTERREICHAUSTRIA,오스트리아,AUT,46443.0,46443.0,화장품및화장용품도매업 | 46443 | AUMEXGMBH | AUMEXGMBH | 46443,화장품및화장용품도매업 | 46443 | aumexgmbh,1,,office@aumex.at,73-277-0575,,,2020-08-12,8289.029,False,sales_ready
buyer_candidate,한국무역보험공사_화장품 바이어 정보,한국무역보험공사_화장품 바이어 정보_20200812.csv,177,MOLINADERTEANOANDRESMARTIN,MOLINADERTEANOANDRESMARTIN,AVENIDAALMIRANTEBROWN235PISO3¡ÆDEPARTAMETOIT420C1155ADC-CIUDADDEBUENOSAIRESARGENTINA,아르헨티나,ARG,46443.0,46443.0,화장품및화장용품도매업 | 46443 | MOLINADERTEANOANDRESMARTIN | MOLINADERTEANOANDRESMARTIN | 46443,화장품및화장용품도매업 | 46443 | molinaderteanoandresmartin,1,,andres_molina@amdconsulting.com.ar,,,,2020-08-12,19447.35,False,sales_ready
buyer_candidate,한국무역보험공사_화장품 바이어 정보,한국무역보험공사_화장품 바이어 정보_20200812.csv,178,BEIERSDORFSA,BEIERSDORF,"AVENIDATRIUNVIRATO2902,(C1427AAP),CIUDADDEBUENOSAIRES,ARGENTINA",아르헨티나,ARG,20423.0,20423.0,화장품제조업 | 20423 | BEIERSDORFSA | BEIERSDORFSA | 20423,화장품제조업 | 20423 | beiersdorfsa,1,,vanesa.tommaso@beiersdorf.com,,www.beiersdorf.com.ar,,2020-08-12,19447.35,False,sales_ready
buyer_candidate,한국무역보험공사_화장품 바이어 정보,한국무역보험공사_화장품 바이어 정보_20200812.csv,179,SABINAPANDCLTD,SABINAPANDC,"AZIZALIYEVSTREET11,SABAILDISTRICT,BAKU,AZ1005,AZERBAIJAN",아제르바이잔,AZE,47813.0,47813.0,"화장품,비누및방향제소매업 | 47813 | SABINAPANDCLTD | SABINAPANDCLTD | 47813",화장품 | 비누및방향제소매업 | 47813 | sabinapandcltd,1,,office@sabina.az,9941-2497-8115,http://www.sabina.az,,2020-08-12,6461.836,False,sales_ready
buyer_candidate,한국무역보험공사_화장품 바이어 정보,한국무역보험공사_화장품 바이어 정보_20200812.csv,180,EXPRESSPHARMALIMITEDLIABILITYCOMPANY,EXPRESSPHARMALIMITEDLIABILITY,"LARUSHK140/48,FUSHEKRUJE,DURRES,1502,ALBANIA",알바니아,ALB,46443.0,46443.0,화장품및화장용품도매업 | 46443 | EXPRESSPHARMALIMITEDLIABILITYCOMPANY | EXPRESSPHARMALIMITEDLIABILITYCOMPANY | 46443,화장품및화장용품도매업 | 46443 | expresspharmalimitedliabilitycompany,1,,info@expresspharma-al.com,3556-7545-7148,www.expresspharma-al.com,,2020-08-12,8562.792,False,sales_ready
buyer_candidate,한국무역보험공사_화장품 바이어 정보,한국무역보험공사_화장품 바이어 정보_20200812.csv,181,DUNESCOSMETICS,DUNESCOSMETICS,"CITE602,LOTISSEMENTVILLAN¡Æ38,CHERAGA,ALGER,POSTCODE:16002,ALGERIA",알제리,DZA,46443.0,46443.0,화장품및화장용품도매업 | 46443 | DUNESCOSMETICS | DUNESCOSMETICS | 46443,화장품및화장용품도매업 | 46443 | dunescosmetics,1,,info@dunescometics.com,213-2128-4343,www.dunescosmetics.com,,2020-08-12,9954.01,False,sales_ready
buyer_candidate,한국무역보험공사_화장품 바이어 정보,한국무역보험공사_화장품 바이어 정보_20200812.csv,182,SARLLABORATOIRESVENUSSAPECO(SAPECO),SARLLABORATOIRESVENUSSAPECOSAPECO,"80,RUEDU17SEPTEMBRE1956,OULEDYAICH,BLIDA,POSTCODE:9100,ALGERIA",알제리,DZA,20423.0,20423.0,화장품제조업 | 20423 | SARLLABORATOIRESVENUSSAPECO(SAPECO) | SARLLABORATOIRESVENUSSAPECO(SAPECO) | 20423,화장품제조업 | 20423 | sarllaboratoiresvenussapeco(sapeco),1,,contact@labovenus.dz,213-2526-9144,http://www.labovenus.dz/,,2020-08-12,9954.01,False,sales_ready
buyer_candidate,한국무역보험공사_화장품 바이어 정보,한국무역보험공사_화장품 바이어 정보_20200812.csv,183,ORIENTRADELTD,ORIENTRADE,"SAALUNGITN18,TARTU,TARTUCOUNTY,50411,ESTONIA",에스토니아,EST,46443.0,46443.0,화장품및화장용품도매업 | 46443 | ORIENTRADELTD | ORIENTRADELTD | 46443,화장품및화장용품도매업 | 46443 | orientradeltd,1,,madis.vahtre@orientrade.net,37-2506-4230,www.orientrade.net,,2020-08-12,7122.724,False,sales_ready
buyer_candidate,한국무역보험공사_화장품 바이어 정보,한국무역보험공사_화장품 바이어 정보_20200812.csv,184,BALTICBEAUTYPROFLTD,BALTICBEAUTYPROF,"LASNAMAELINNAOSA,KATUSEPAPITN4/2,TALLINN,HARJUCOUNTY,11412,ESTONIA",에스토니아,EST,47813.0,47813.0,"화장품,비누및방향제소매업 | 47813 | BALTICBEAUTYPROFLTD | BALTICBEAUTYPROFLTD | 47813",화장품 | 비누및방향제소매업 | 47813 | balticbeautyprofltd,1,,info@balticbeautyprof.com,372-5559-9748,balticbeautyprof.com,,2020-08-12,7122.724,False,sales_ready
buyer_candidate,한국무역보험공사_화장품 바이어 정보,한국무역보험공사_화장품 바이어 정보_20200812.csv,169,MADIINTERNATIONALCOLLC(MIC),MADIINTERNATIONALCOLLCMIC,"WHOLEFLOOR,31STFLOOR,BB1TOWER,ALMAZAYABUSINESSAVENUE,JUMEIRAHLAKETOWER(JLT),DUBAI,UNITEDARABEMIRATES",아랍에미리트,ARE,46443.0,46443.0,화장품및화장용품도매업 | 46443 | MADIINTERNATIONALCOLLC(MIC) | MADIINTERNATIONALCOLLC(MIC) | 46443,화장품및화장용품도매업 | 46443 | madiinternationalcollc(mic),1,,info@qa.madi-intl.com,971-4240-4014,www.madi-intl.com,,2020-08-12,6909.236,False,sales_ready
buyer_candidate,한국무역보험공사_화장품 바이어 정보,한국무역보험공사_화장품 바이어 정보_20200812.csv,170,NOVACHOICEGENERALTRADINGLLC,NOVACHOICEGENERALTRADING,"SHOPNO.3,SULAIMANABDULWAHABAHMEDISMAILBUILDING,OPP.OFDUBAIISLAMICBANK(OLDBRANCH),ALDAGHAYA,DEIRA,DUBAI,UNITEDARABEMIRATES",아랍에미리트,ARE,46443.0,46443.0,화장품및화장용품도매업 | 46443 | NOVACHOICEGENERALTRADINGLLC | NOVACHOICEGENERALTRADINGLLC | 46443,화장품및화장용품도매업 | 46443 | novachoicegeneraltradingllc,1,,burhan@canadagreengate.com,971-4220-2141,,,2020-08-12,6909.236,False,sales_ready
buyer_candidate,한국무역보험공사_화장품 바이어 정보,한국무역보험공사_화장품 바이어 정보_20200812.csv,171,SPECIALIZEDBEAUTYESTABLISHMENT,SPECIALIZEDBEAUTYESTABLISHMENT,"OFFICENO.4,MUSSAFAHM-25,PLOTNO.23,ABUDHABI,UNITEDARABEMIRATES",아랍에미리트,ARE,46443.0,46443.0,화장품및화장용품도매업 | 46443 | SPECIALIZEDBEAUTYESTABLISHMENT | SPECIALIZEDBEAUTYESTABLISHMENT | 46443,화장품및화장용품도매업 | 46443 | specializedbeautyestablishment,1,,info@specializedbeauty.com,971-2627-5926,www.specializedbeauty.com,,2020-08-12,6909.236,False,sales_ready
buyer_candidate,한국무역보험공사_화장품 바이어 정보,한국무역보험공사_화장품 바이어 정보_20200812.csv,172,IMDADFZCO,IMDADFZCO,"OFFICENO.101,1STFLOOR,WESTWING3,DUBAIAIRPORTFREEZONEAUTHORITYDAFZA,DUBAI,UNITEDARABEMIRATES",아랍에미리트,ARE,46443.0,46443.0,화장품및화장용품도매업 | 46443 | IMDADFZCO | IMDADFZCO | 46443,화장품및화장용품도매업 | 46443 | imdadfzco,1,,Tamer.wali@imdad.com,971-4299-4504,www.imdad.com,,2020-08-12,6909.236,False,sales_ready
buyer_candidate,한국무역보험공사_화장품 바이어 정보,한국무역보험공사_화장품 바이어 정보_20200812.csv,173,HATTASTARTRADINGLLC,HATTASTARTRADING,"SHOPNO.9,GROUNDFLOOR,SUKHALAJMANIBUILDING,BEHINDSABKABUSSTATION,DEIRA,DUBAI,UNITEDARABEMIRATES",아랍에미리트,ARE,46443.0,46443.0,화장품및화장용품도매업 | 46443 | HATTASTARTRADINGLLC | HATTASTARTRADINGLLC | 46443,화장품및화장용품도매업 | 46443 | hattastartradingllc,1,,hattastartrading@gmail.com,971-4225-9287,,,2020-08-12,6909.236,False,sales_ready
buyer_candidate,한국무역보험공사_화장품 바이어 정보,한국무역보험공사_화장품 바이어 정보_20200812.csv,174,MIKGENERALTRADINGLLC,MIKGENERALTRADING,"14,ICONCENTERFORWORKERSPROPERTY-OUDMETHA-OFFICE203,DUBAI,P.O.BOX:64027,UNITEDARABEMIRATES",아랍에미리트,ARE,46443.0,46443.0,화장품및화장용품도매업 | 46443 | MIKGENERALTRADINGLLC | MIKGENERALTRADINGLLC | 46443,화장품및화장용품도매업 | 46443 | mikgeneraltradingllc,1,,mikbeautykorea@gmail.com,971-4363-5662,https://beautykoreadubai.com/,,2020-08-12,6909.236,False,sales_ready
buyer_candidate,한국무역보험공사_화장품 바이어 정보,한국무역보험공사_화장품 바이어 정보_20200812.csv,175,COLEPSCITRAAEROSOLS(CSA),COLEPSCITRAAEROSOLSCSA,"GLOBALFOODINDUSTRIES,NEAREMIRATESROAD&ALDHAIDROAD,ALSAJAAINDUSTRIALAREA,,SHARJAH,UNITEDARABEMIRATES",아랍에미리트,ARE,20423.0,20423.0,화장품제조업 | 20423 | COLEPSCITRAAEROSOLS(CSA) | COLEPSCITRAAEROSOLS(CSA) | 20423,화장품제조업 | 20423 | colepscitraaerosols(csa),1,,enquiries@colepscitra.ae,971-6531-1174,www.colepscitra.ae,,2020-08-12,6909.236,False,sales_ready
buyer_candidate,한국무역보험공사_화장품 바이어 정보,한국무역보험공사_화장품 바이어 정보_20200812.csv,176,CDIMEXSA,CDIMEX,"BOULEVARDPRESIDENTEJULIOA.ROCA378,(S2300KCQ),RAFAELA,SANTAFE,ARGENTINA",아르헨티나,ARG,46443.0,46443.0,화장품및화장용품도매업 | 46443 | CDIMEXSA | CDIMEXSA | 46443,화장품및화장용품도매업 | 46443 | cdimexsa,1,,nroldan@cdimex.com.ar,,www.cdimex.com.ar,,2020-08-12,19447.35,False,sales_ready
buyer_candidate,한국무역보험공사_화장품 바이어 정보,한국무역보험공사_화장품 바이어 정보_20200812.csv,161,COSBIZHOLDINGSPTELTD,COSBIZHOLDINGSPTE,7MANDAILINK#08-40MANDAICONNECTIONSINGAPORE728653,싱가포르,SGP,46443.0,46443.0,화장품및화장용품도매업 | 46443 | COSBIZHOLDINGSPTELTD | COSBIZHOLDINGSPTELTD | 46443,화장품및화장용품도매업 | 46443 | cosbizholdingspteltd,1,,enquiry@cos-biz.com,65-6255-1066,www.cos-biz.com,,2020-08-12,4676.683,False,sales_ready
buyer_candidate,한국무역보험공사_화장품 바이어 정보,한국무역보험공사_화장품 바이어 정보_20200812.csv,162,SECRETIVEPTELTD,SECRETIVEPTE,33DEVONSHIREROAD#03-00239852SINGAPORE,싱가포르,SGP,46443.0,46443.0,화장품및화장용품도매업 | 46443 | SECRETIVEPTELTD | SECRETIVEPTELTD | 46443,화장품및화장용품도매업 | 46443 | secretivepteltd,1,,admin@secretive.sg,65-6235-2032,www.secretive.sg,,2020-08-12,4676.683,False,sales_ready
buyer_candidate,한국무역보험공사_화장품 바이어 정보,한국무역보험공사_화장품 바이어 정보_20200812.csv,163,HERBSINSYNCPTELTD,HERBSINSYNCPTE,30CECILSTREET#19-08PRUDENTIALTOWERSINGAPORE049712,싱가포르,SGP,47813.0,47813.0,"화장품,비누및방향제소매업 | 47813 | HERBSINSYNCPTELTD | HERBSINSYNCPTELTD | 47813",화장품 | 비누및방향제소매업 | 47813 | herbsinsyncpteltd,1,,,65-6320-1888,,,2020-08-12,4676.683,False,sales_ready
buyer_candidate,한국무역보험공사_화장품 바이어 정보,한국무역보험공사_화장품 바이어 정보_20200812.csv,164,NARDEVCHEMIEPTELTD,NARDEVCHEMIEPTE,61KAKIBUKITAVENUE1#05-45SHUNLIINDUSTRIALPARKSINGAPORE417943,싱가포르,SGP,20423.0,20423.0,화장품제조업 | 20423 | NARDEVCHEMIEPTELTD | NARDEVCHEMIEPTELTD | 20423,화장품제조업 | 20423 | nardevchemiepteltd,1,,info@nardev.com,65-6743-7480,www.nardev.com,,2020-08-12,4676.683,False,sales_ready
buyer_candidate,한국무역보험공사_화장품 바이어 정보,한국무역보험공사_화장품 바이어 정보_20200812.csv,165,GLOBALBEAUTYINTERNATIONALPTELIMITED,GLOBALBEAUTYINTERNATIONALPTE,151LORONGCHUAN#03-07NEWTECHPARKSINGAPORE556741,싱가포르,SGP,46443.0,46443.0,화장품및화장용품도매업 | 46443 | GLOBALBEAUTYINTERNATIONALPTELIMITED | GLOBALBEAUTYINTERNATIONALPTELIMITED | 46443,화장품및화장용품도매업 | 46443 | globalbeautyinternationalptelimited,1,,,65-6708-8700,,,2020-08-12,4676.683,False,sales_ready
buyer_candidate,한국무역보험공사_화장품 바이어 정보,한국무역보험공사_화장품 바이어 정보_20200812.csv,166,GREENPLANETINDUSTRIES,GREENPLANETINDUSTRIES,"JEBELALIINDUSTRIAL2,DUBAI,UNITEDARABEMIRATES",아랍에미리트,ARE,20423.0,20423.0,화장품제조업 | 20423 | GREENPLANETINDUSTRIES | GREENPLANETINDUSTRIES | 20423,화장품제조업 | 20423 | greenplanetindustries,1,,kamlakar.kilari@gpi-ae.com,971-4885-7501,www.gpi-ae.com,,2020-08-12,6909.236,False,sales_ready
buyer_candidate,한국무역보험공사_화장품 바이어 정보,한국무역보험공사_화장품 바이어 정보_20200812.csv,167,ZAMZAMPERFUMESINDUSTRIALCOLLC,ZAMZAMPERFUMESINDUSTRIALCO,"INDUSTRIALAREA#17STREET#1,KALBAROAD,SHARJAH,UNITEDARABEMIRATES",아랍에미리트,ARE,20423.0,20423.0,화장품제조업 | 20423 | ZAMZAMPERFUMESINDUSTRIALCOLLC | ZAMZAMPERFUMESINDUSTRIALCOLLC | 20423,화장품제조업 | 20423 | zamzamperfumesindustrialcollc,1,,zamzamco@eim.ae,971-6534-5866,,,2020-08-12,6909.236,False,sales_ready
buyer_candidate,한국무역보험공사_화장품 바이어 정보,한국무역보험공사_화장품 바이어 정보_20200812.csv,168,ABCINDUSTRIESLLC,ABCINDUSTRIES,"PLOTNO.L211-216,ALTAWYEEN,NEARALFANARMARKET,ALGHAILINDUSTRIALZONE-NFZ,RAKEZ,RASALKHAIMAH,UNITEDARABEMIRATES",아랍에미리트,ARE,20423.0,20423.0,화장품제조업 | 20423 | ABCINDUSTRIESLLC | ABCINDUSTRIESLLC | 20423,화장품제조업 | 20423 | abcindustriesllc,1,,abcind@abcindllc.com,971-7258-9174,http://www.coolandcool.ae,,2020-08-12,6909.236,False,sales_ready
buyer_candidate,한국무역보험공사_화장품 바이어 정보,한국무역보험공사_화장품 바이어 정보_20200812.csv,217,MARICOLIMITED,MARICO,"MARICOLIMITED,7THFLOOR,GRANDEPALLADIUM,175,CSTROAD,KALINA,SANTACRUZ(EAST),MUMBAI-400098,MAHARASHTRA,INDIA",인도,IND,20423.0,20423.0,화장품제조업 | 20423 | MARICOLIMITED | MARICOLIMITED | 20423,화장품제조업 | 20423 | maricolimited,1,,investor@marico.com,9122-2644-3711,www.marico.com,,2020-08-12,4692.672,False,sales_ready
buyer_candidate,한국무역보험공사_화장품 바이어 정보,한국무역보험공사_화장품 바이어 정보_20200812.csv,218,HERAHOSPITALITYPRIVATELIMITED,HERAHOSPITALITYPRIVATE,"191ISTFLOORSHAHPURJAT,NEWDELHI-110049,DELHI,INDIA",인도,IND,46443.0,46443.0,화장품및화장용품도매업 | 46443 | HERAHOSPITALITYPRIVATELIMITED | HERAHOSPITALITYPRIVATELIMITED | 46443,화장품및화장용품도매업 | 46443 | herahospitalityprivatelimited,1,,herahospitality@gmail.com,,,,2020-08-12,4692.672,False,sales_ready
buyer_candidate,한국무역보험공사_화장품 바이어 정보,한국무역보험공사_화장품 바이어 정보_20200812.csv,219,PTCOSMAXINDONESIA,PTCOSMAXINDONESIA,"JL.RAYABOGORKM26.4,CIRACASKOTAADMINISTRASIJAKARTATIMUR,13740,DKIJAKARTA,INDONESIA",인도네시아,IDN,20423.0,20423.0,화장품제조업 | 20423 | PTCOSMAXINDONESIA | PTCOSMAXINDONESIA | 20423,화장품제조업 | 20423 | ptcosmaxindonesia,1,,marketing@cosmax.co.id,6221-2961-6781,www.cosmax.co.id,,2020-08-12,5291.684,False,sales_ready
buyer_candidate,한국무역보험공사_화장품 바이어 정보,한국무역보험공사_화장품 바이어 정보_20200812.csv,220,RUDYSOETADIPT,RUDYSOETADIPT,"BINAMULIAIBUILDING,JL.H.R.RASUNASAIDKAV.11,KUNINGANKOTAADMINISTRASIJAKARTASELATAN,12950,DKIJAKARTA,INDONESIA",인도네시아,IDN,20423.0,20423.0,화장품제조업 | 20423 | RUDYSOETADIPT | RUDYSOETADIPT | 20423,화장품제조업 | 20423 | rudysoetadipt,1,,,2921-2667,,,2020-08-12,5291.684,False,sales_ready
buyer_candidate,한국무역보험공사_화장품 바이어 정보,한국무역보험공사_화장품 바이어 정보_20200812.csv,221,PTCITRAMULTIKREASIBINTANG,PTCITRAMULTIKREASIBINTANG,"GEDUNGKOREACENTERLANTAI6,RUANG604,JL.JENDRALGATOTSUBROTOKAV.58KEL.KUNINGANTIMUR,KEC.SETIABUDI,JAKARTASELATAN,DKIJAKARTA,INDONESIA",인도네시아,IDN,46443.0,46443.0,화장품및화장용품도매업 | 46443 | PTCITRAMULTIKREASIBINTANG | PTCITRAMULTIKREASIBINTANG | 46443,화장품및화장용품도매업 | 46443 | ptcitramultikreasibintang,1,,,6221-2519-9197,,,2020-08-12,5291.684,False,sales_ready
buyer_candidate,한국무역보험공사_화장품 바이어 정보,한국무역보험공사_화장품 바이어 정보_20200812.csv,222,PTGONDOWANGITRADISIONALKOSMETIKA,PTGONDOWANGITRADISIONALKOSMETIKA,"KAWASANINDUSTRIJABABEKAI,JL.JABABEKAXVIIDBLOKUNO.29C,KARANGBARU,CIKARANGUTARAKOTABEKASI,17530,WESTJAVA,INDONESIA",인도네시아,IDN,20423.0,20423.0,화장품제조업 | 20423 | PTGONDOWANGITRADISIONALKOSMETIKA | PTGONDOWANGITRADISIONALKOSMETIKA | 20423,화장품제조업 | 20423 | ptgondowangitradisionalkosmetika,1,,cs@gondowangi.com,489-1823,www.gondowangi.com,,2020-08-12,5291.684,False,sales_ready
buyer_candidate,한국무역보험공사_화장품 바이어 정보,한국무역보험공사_화장품 바이어 정보_20200812.csv,223,PTSELARASVISIABADI,PTSELARASVISIABADI,"KOMPLECITYRESORTRESIDENCESBLOKH-6,JL.CITYRESORTRESIDENCESBOULEVARD,CENGKARENGTIMURKOTAADMINISTRASIJAKARTABARATDKIJAKARTA,INDONESIA",인도네시아,IDN,46443.0,46443.0,화장품및화장용품도매업 | 46443 | PTSELARASVISIABADI | PTSELARASVISIABADI | 46443,화장품및화장용품도매업 | 46443 | ptselarasvisiabadi,1,,alberttju90@gmail.com,690-4161,,,2020-08-12,5291.684,False,sales_ready
buyer_candidate,한국무역보험공사_화장품 바이어 정보,한국무역보험공사_화장품 바이어 정보_20200812.csv,224,PTUNILEVERINDONESIATBK,PTUNILEVERINDONESIATBK,"GRAHAUNILEVER,JL.BSDBOULEVARDBARAT,GREENOFFICEPARKKAV.3KOTATANGERANG,15345,BANTEN,INDONESIA",인도네시아,IDN,20423.0,20423.0,화장품제조업 | 20423 | PTUNILEVERINDONESIATBK | PTUNILEVERINDONESIATBK | 20423,화장품제조업 | 20423 | ptunileverindonesiatbk,1,,unvr.indonesia@unilever.com,8082-0779,www.unilever.com,,2020-08-12,5291.684,False,sales_ready
buyer_candidate,한국무역보험공사_화장품 바이어 정보,한국무역보험공사_화장품 바이어 정보_20200812.csv,209,SAIWELLNESS,SAIWELLNESS,"302,VAIBHAVAPT,BHANDARLANE,L.J.ROAD,,MUMBAI-400016,MAHARASHTRA,INDIA",인도,IND,46443.0,46443.0,화장품및화장용품도매업 | 46443 | SAIWELLNESS | SAIWELLNESS | 46443,화장품및화장용품도매업 | 46443 | saiwellness,1,,sales.saiwellness@gmail.com,9198-7026-1526,,,2020-08-12,4692.672,False,sales_ready
buyer_candidate,한국무역보험공사_화장품 바이어 정보,한국무역보험공사_화장품 바이어 정보_20200812.csv,210,SAICORPORATION,SAI,"KHASRANO.353/196/186/1-2,VILLAGEJOHRONTRILOKPURROAD,KALAAMB,DIST,SIRMOUR-173030,HIMACHALPRADESH,INDIA",인도,IND,20423.0,20423.0,화장품제조업 | 20423 | SAICORPORATION | SAICORPORATION | 20423,화장품제조업 | 20423 | saicorporation,1,,accountsai@wonderproducts.co.in,9193-1290-2857,,,2020-08-12,4692.672,False,sales_ready
buyer_candidate,한국무역보험공사_화장품 바이어 정보,한국무역보험공사_화장품 바이어 정보_20200812.csv,211,APHROZONEINDIAPRIVATELIMITED,APHROZONEINDIAPRIVATE,"A-901,ARSHIECOMPLEXCHSL,PANCHMARGOFF.YARIROAD,ANDHERIWEST,MUMBAI-400061,MAHARASHTRA,INDIA",인도,IND,46443.0,46443.0,화장품및화장용품도매업 | 46443 | APHROZONEINDIAPRIVATELIMITED | APHROZONEINDIAPRIVATELIMITED | 46443,화장품및화장용품도매업 | 46443 | aphrozoneindiaprivatelimited,1,,sk16071978@gmail.com,,,,2020-08-12,4692.672,False,sales_ready
buyer_candidate,한국무역보험공사_화장품 바이어 정보,한국무역보험공사_화장품 바이어 정보_20200812.csv,212,BEAUTYCONCEPTSPRIVATELIMITED,BEAUTYCONCEPTSPRIVATE,"VARDAANSUITENO-405,25A,CAMACSTREET,PARKSTREET,KOLKATA-700016,WESTBENGAL,INDIA",인도,IND,46443.0,46443.0,화장품및화장용품도매업 | 46443 | BEAUTYCONCEPTSPRIVATELIMITED | BEAUTYCONCEPTSPRIVATELIMITED | 46443,화장품및화장용품도매업 | 46443 | beautyconceptsprivatelimited,1,,bcpl_calcutta@bcplindia.com,9133-2287-2358,www.bcplindia.com,,2020-08-12,4692.672,False,sales_ready
buyer_candidate,한국무역보험공사_화장품 바이어 정보,한국무역보험공사_화장품 바이어 정보_20200812.csv,213,NIVEAINDIAPRIVATELIMITED,NIVEAINDIAPRIVATE,"4THFLOOR,ARTGUILDHOUSE,PHOENIXMARKETCITY,KURLA(W),MUMBAI-400070,MAHARASHTRA,INDIA",인도,IND,20423.0,20423.0,화장품제조업 | 20423 | NIVEAINDIAPRIVATELIMITED | NIVEAINDIAPRIVATELIMITED | 20423,화장품제조업 | 20423 | niveaindiaprivatelimited,1,,kai-boris.bendix@beiersdorf.com,9122-6645-9911,www.nivea.in,,2020-08-12,4692.672,False,sales_ready
buyer_candidate,한국무역보험공사_화장품 바이어 정보,한국무역보험공사_화장품 바이어 정보_20200812.csv,214,SYMRISEPRIVATELIMITED,SYMRISEPRIVATE,"140OLDMAHABALIPURDAMROAD,SEMMANCHERI,CHENNAI-600119,TAMILNADU,INDIA",인도,IND,20423.0,20423.0,화장품제조업 | 20423 | SYMRISEPRIVATELIMITED | SYMRISEPRIVATELIMITED | 20423,화장품제조업 | 20423 | symriseprivatelimited,1,,vsundar@symrise.com,9144-2450-1739,www.symrise.com,,2020-08-12,4692.672,False,sales_ready
buyer_candidate,한국무역보험공사_화장품 바이어 정보,한국무역보험공사_화장품 바이어 정보_20200812.csv,215,MEDIZONEAESTHETICS,MEDIZONEAESTHETICS,"SACHININDUSTRIALPREMISES,UNITNO-3,1STFLOOR,KOLBADROAD,SHELARPADA,THANE-400602,MAHARASHTRA,INDIA",인도,IND,46443.0,46443.0,화장품및화장용품도매업 | 46443 | MEDIZONEAESTHETICS | MEDIZONEAESTHETICS | 46443,화장품및화장용품도매업 | 46443 | medizoneaesthetics,1,,vinayj.msl@gmail.com,,,,2020-08-12,4692.672,False,sales_ready
buyer_candidate,한국무역보험공사_화장품 바이어 정보,한국무역보험공사_화장품 바이어 정보_20200812.csv,216,PROCTERANDGAMBLEHOMEPRODUCTSPRIVATELIMITED,PROCTERANDGAMBLEHOMEPRODUCTSPRIVATE,"P&GPLAZA,CARDINALGRACIASROAD,CHAKALA,ANDHERI(EAST),MUMBAI-400099,MAHARASHTRA,INDIA",인도,IND,20423.0,20423.0,화장품제조업 | 20423 | PROCTERANDGAMBLEHOMEPRODUCTSPRIVATELIMITED | PROCTERANDGAMBLEHOMEPRODUCTSPRIVATELIMITED | 20423,화장품제조업 | 20423 | procterandgamblehomeproductsprivatelimited,1,,machado.f.1@pg.com,9122-2826-6000,www.pg.com,,2020-08-12,4692.672,False,sales_ready
buyer_candidate,한국무역보험공사_화장품 바이어 정보,한국무역보험공사_화장품 바이어 정보_20200812.csv,201,LILITCOSMETICSLTD,LILITCOSMETICS,"HEVELMODI'ININDUSTRIALZONEHEVELMODI'ININDUSTRIALZONE,7319900,ISRAEL",이스라엘,ISR,46443.0,46443.0,화장품및화장용품도매업 | 46443 | LILITCOSMETICSLTD | LILITCOSMETICSLTD | 46443,화장품및화장용품도매업 | 46443 | lilitcosmeticsltd,1,,info@lilit.co.il,972-3900-4700,www.lilit.co.il,,2020-08-12,8092.951,False,sales_ready
buyer_candidate,한국무역보험공사_화장품 바이어 정보,한국무역보험공사_화장품 바이어 정보_20200812.csv,202,UNIVERSALIMPORTANDEXPORTEZZELDINELNAGGARANDCO,UNIVERSALIMPORTANDEXPORTEZZELDINELNAGGARANDCO,"39,SAIEDSTREET,CROSSALASHRAFSTREET,BESIDEFACULTYOFCOMMERCE,GROUNDFLOOR,TANTA,GHARBEYA,EGYPT",이집트,EGY,46443.0,46443.0,화장품및화장용품도매업 | 46443 | UNIVERSALIMPORTANDEXPORTEZZELDINELNAGGARANDCO | UNIVERSALIMPORTANDEXPORTEZZELDINELNAGGARANDCO | 46443,화장품및화장용품도매업 | 46443 | universalimportandexportezzeldinelnaggarandco,1,,universal-elnaggar@hotmail.com,2011-1288-1007,,,2020-08-12,8497.368,False,sales_ready
buyer_candidate,한국무역보험공사_화장품 바이어 정보,한국무역보험공사_화장품 바이어 정보_20200812.csv,203,LOREALCOSMETICSINDUSTRYSAE(LOREAL),LOREALCOSMETICSINDUSTRYSAELOREAL,"INDUSTRIALZONEA7,PYRAMIDSPARK,10THOFRAMADAN,10THOFRAMADANCITY,SHARKEYA,EGYPT",이집트,EGY,20423.0,20423.0,화장품제조업 | 20423 | LOREALCOSMETICSINDUSTRYSAE(LOREAL) | LOREALCOSMETICSINDUSTRYSAE(LOREAL) | 20423,화장품제조업 | 20423 | lorealcosmeticsindustrysae(loreal),1,,zahraa.mostafa@loreal.com,202-2614-7400,www.loreal.com,,2020-08-12,8497.368,False,sales_ready
buyer_candidate,한국무역보험공사_화장품 바이어 정보,한국무역보험공사_화장품 바이어 정보_20200812.csv,204,LUNACOFORPERFUMESANDCOSMETICSINDUSTRYPACSAE(PAC),LUNACOFORPERFUMESANDCOSMETICSINDUSTRYPACSAEPAC,"4THINDUSTRIALZONE,PLOT76,6THOFOCTOBER,6THOFOCTOBERCITY,GIZA,EGYPT",이집트,EGY,20423.0,20423.0,화장품제조업 | 20423 | LUNACOFORPERFUMESANDCOSMETICSINDUSTRYPACSAE(PAC) | LUNACOFORPERFUMESANDCOSMETICSINDUSTRYPACSAE(PAC) | 20423,화장품제조업 | 20423 | lunacoforperfumesandcosmeticsindustrypacsae(pac),1,,ayman.makram@lunapac.com,202-2234-9166,www.luna.com.eg,,2020-08-12,8497.368,False,sales_ready
buyer_candidate,한국무역보험공사_화장품 바이어 정보,한국무역보험공사_화장품 바이어 정보_20200812.csv,205,HUWELLCHEMICALSSPA,HUWELLCHEMICALSSPA,VIAMAURIZIOGONZAGA3MILANO(MILANO)20123ITALY,이탈리아,ITA,20423.0,20423.0,화장품제조업 | 20423 | HUWELLCHEMICALSSPA | HUWELLCHEMICALSSPA | 20423,화장품제조업 | 20423 | huwellchemicalsspa,1,,info@huwell.it,3902-3350-1936,www.huwell.it,,2020-08-12,8982.659,False,sales_ready
buyer_candidate,한국무역보험공사_화장품 바이어 정보,한국무역보험공사_화장품 바이어 정보_20200812.csv,206,MAVIVESPA,MAVIVESPA,VIAALTINIA298/BDESEVENEZIA(VENEZIA)ITALY30173,베네수엘라,VEN,20423.0,20423.0,화장품제조업 | 20423 | MAVIVESPA | MAVIVESPA | 20423,화장품제조업 | 20423 | mavivespa,1,,info@mavive.com,3904-1541-7771,www.mavive.com,,2020-08-12,14488.19,False,sales_ready
buyer_candidate,한국무역보험공사_화장품 바이어 정보,한국무역보험공사_화장품 바이어 정보_20200812.csv,207,FABYLINESRL,FABYLINE,VIAMEUCCIEXSTABILIMENTOCHATILLONEXSTABILIMENTOCHATILLONVERCELLI(VERCELLI)ITALY13100,이탈리아,ITA,20423.0,20423.0,화장품제조업 | 20423 | FABYLINESRL | FABYLINESRL | 20423,화장품제조업 | 20423 | fabylinesrl,1,,info@fabyline.it,3901-6121-5333,www.fabyline.it,,2020-08-12,8982.659,False,sales_ready
buyer_candidate,한국무역보험공사_화장품 바이어 정보,한국무역보험공사_화장품 바이어 정보_20200812.csv,208,SUNTARACOSMETICSPRIVATELIMITED,SUNTARACOSMETICSPRIVATE,"PLOTB-1,PHASEIMEPZ-SEZ,TAMBARAM,CHENNAI-600045,TAMILNADU,INDIA",인도,IND,20423.0,20423.0,화장품제조업 | 20423 | SUNTARACOSMETICSPRIVATELIMITED | SUNTARACOSMETICSPRIVATELIMITED | 20423,화장품제조업 | 20423 | suntaracosmeticsprivatelimited,1,,krishnan.d@suntara-india.com,9144-4224-8900,,,2020-08-12,4692.672,False,sales_ready
buyer_candidate,한국무역보험공사_화장품 바이어 정보,한국무역보험공사_화장품 바이어 정보_20200812.csv,193,AKBIOCOSMETICSGMBH,AKBIOCOSMETICS,KLOSTERNEUBURGERSTRASSE26/22103LANGENZERSDORFNIEDEROESTERREICHAUSTRIA,오스트리아,AUT,46443.0,46443.0,화장품및화장용품도매업 | 46443 | AKBIOCOSMETICSGMBH | AKBIOCOSMETICSGMBH | 46443,화장품및화장용품도매업 | 46443 | akbiocosmeticsgmbh,1,,impressum@akbiocosmetics.com,66-0607-8290,www.akbiocosmetics.com,,2020-08-12,8289.029,False,sales_ready
buyer_candidate,한국무역보험공사_화장품 바이어 정보,한국무역보험공사_화장품 바이어 정보_20200812.csv,194,OMARFUADALIABDELRAZAQ,OMARFUADALIABDELRAZAQ,"TLA'AALALI,OFFICENO.404,ALBASEMBUILDING,ALMADINAALMONAWARASTREET,AMMAN,JORDAN",요르단,JOR,46443.0,46443.0,화장품및화장용품도매업 | 46443 | OMARFUADALIABDELRAZAQ | OMARFUADALIABDELRAZAQ | 46443,화장품및화장용품도매업 | 46443 | omarfuadaliabdelrazaq,1,,omar.shaker@dermayouth.co,9627-9999-9096,,,2020-08-12,8009.55,False,sales_ready
buyer_candidate,한국무역보험공사_화장품 바이어 정보,한국무역보험공사_화장품 바이어 정보_20200812.csv,195,COSTATRADELTD,COSTATRADE,"248,BOGIBUSTONSTREET,YAKKASARAYDISTRICT,TOSHKENT,TOSHKENTREGION,100121,UZBEKISTAN",우즈베키스탄,UZB,47813.0,47813.0,"화장품,비누및방향제소매업 | 47813 | COSTATRADELTD | COSTATRADELTD | 47813",화장품 | 비누및방향제소매업 | 47813 | costatradeltd,1,,customer@bellstore.uz,9987-1150-3380,www.bellstore.uz,,2020-08-12,4896.334,False,sales_ready
buyer_candidate,한국무역보험공사_화장품 바이어 정보,한국무역보험공사_화장품 바이어 정보_20200812.csv,196,REALPOWERBUSINESSLLC,REALPOWERBUSINESS,"1/50,CHILONZORDISTRICT-7,TOSHKENT,TOSHKENTREGION,100096,UZBEKISTAN",우즈베키스탄,UZB,47813.0,47813.0,"화장품,비누및방향제소매업 | 47813 | REALPOWERBUSINESSLLC | REALPOWERBUSINESSLLC | 47813",화장품 | 비누및방향제소매업 | 47813 | realpowerbusinessllc,1,,info@lillykay.uz,9989-7712-2302,www.lillykay.uz,,2020-08-12,4896.334,False,sales_ready
buyer_candidate,한국무역보험공사_화장품 바이어 정보,한국무역보험공사_화장품 바이어 정보_20200812.csv,197,PRAXETCOSMETICLLC,PRAXETCOSMETIC,"04073UKRAINE,KYIV17KURENIVSKYILANE",우크라이나,UKR,46443.0,46443.0,화장품및화장용품도매업 | 46443 | PRAXETCOSMETICLLC | PRAXETCOSMETICLLC | 46443,화장품및화장용품도매업 | 46443 | praxetcosmeticllc,1,,info@praxet.com,3804-4467-5989,https://praxet.com/,,2020-08-12,7309.346,False,sales_ready
buyer_candidate,한국무역보험공사_화장품 바이어 정보,한국무역보험공사_화장품 바이어 정보_20200812.csv,198,LLCCMTUKRAINE,LLCCMTUKRAINE,"69057UKRAINE,ZAPORIZHZHIA1YATSENKASTR.,OFFICE42",우크라이나,UKR,46443.0,46443.0,화장품및화장용품도매업 | 46443 | LLCCMTUKRAINE | LLCCMTUKRAINE | 46443,화장품및화장용품도매업 | 46443 | llccmtukraine,1,,pmu@reis.zp.ua,3806-7612-5028,,,2020-08-12,7309.346,False,sales_ready
buyer_candidate,한국무역보험공사_화장품 바이어 정보,한국무역보험공사_화장품 바이어 정보_20200812.csv,199,DCUKRAINELLC,DCUKRAINE,"04073UKRAINE,KYIV28AMOSKOVSKYIAVE.",우크라이나,UKR,47813.0,47813.0,"화장품,비누및방향제소매업 | 47813 | DCUKRAINELLC | DCUKRAINELLC | 47813",화장품 | 비누및방향제소매업 | 47813 | dcukrainellc,1,,info@watsons.ua,3804-4423-0701,https://www.watsons.ua,,2020-08-12,7309.346,False,sales_ready
buyer_candidate,한국무역보험공사_화장품 바이어 정보,한국무역보험공사_화장품 바이어 정보_20200812.csv,200,VNR,VNR,"246BENYEHUDATELAVIV-JAFFA,6350107,ISRAEL",이스라엘,ISR,47813.0,47813.0,"화장품,비누및방향제소매업 | 47813 | VNR | VNR | 47813",화장품 | 비누및방향제소매업 | 47813 | vnr,1,,info@breaker.co.il,972-3639-8110,breaker.co.il/,,2020-08-12,8092.951,True,sales_ready
buyer_candidate,한국무역보험공사_화장품 바이어 정보,한국무역보험공사_화장품 바이어 정보_20200812.csv,249,PINOCOSMECOLTD,PINOCOSME,"2-19-1,OKUBO,SHINJUKU-KU,TOKYO169-0072JAPAN",일본,JPN,46443.0,46443.0,화장품및화장용품도매업 | 46443 | PINOCOSMECOLTD | PINOCOSMECOLTD | 46443,화장품및화장용품도매업 | 46443 | pinocosmecoltd,1,,info@pino.ne.jp,36-416-8555,http://www.pino.ne.jp/,,2020-08-12,1156.67,True,sales_ready
buyer_candidate,한국무역보험공사_화장품 바이어 정보,한국무역보험공사_화장품 바이어 정보_20200812.csv,250,FITSCORPORATIONKK,FITSCORPORATIONKK,"OAKOMOTESANDOBLDG.8F.,3-6-1,KITAAOYAMA,MINATO-KU,TOKYO107-0061JAPAN",일본,JPN,46443.0,46443.0,화장품및화장용품도매업 | 46443 | FITSCORPORATIONKK | FITSCORPORATIONKK | 46443,화장품및화장용품도매업 | 46443 | fitscorporationkk,1,,info@fits-japan.com,36-892-1340,http://www.fits-japan.com/,,2020-08-12,1156.67,True,sales_ready
buyer_candidate,한국무역보험공사_화장품 바이어 정보,한국무역보험공사_화장품 바이어 정보_20200812.csv,251,SACRUMALGAECOLTD,SACRUMALGAE,"HAKATASUNCITYBLDG.2,3-11-28,HAKATAEKIHIGASHI,HAKATA-KU,FUKUOKA,FUKUOKA812-0013JAPAN",일본,JPN,46443.0,46443.0,화장품및화장용품도매업 | 46443 | SACRUMALGAECOLTD | SACRUMALGAECOLTD | 46443,화장품및화장용품도매업 | 46443 | sacrumalgaecoltd,1,,info@sacrumalgae.com,92-292-6825,http://www.sacrumalgae.com/,,2020-08-12,1156.67,True,sales_ready
buyer_candidate,한국무역보험공사_화장품 바이어 정보,한국무역보험공사_화장품 바이어 정보_20200812.csv,252,HERYKK,HERYKK,"NISHIYAMABLDG.2F.,4-7-1,SHIBA,MINATO-KU,TOKYO108-0014JAPAN",일본,JPN,46443.0,46443.0,화장품및화장용품도매업 | 46443 | HERYKK | HERYKK | 46443,화장품및화장용품도매업 | 46443 | herykk,1,,info@hery-jp.com,36-453-6890,http://www.hery-jp.com/,,2020-08-12,1156.67,True,sales_ready
buyer_candidate,한국무역보험공사_화장품 바이어 정보,한국무역보험공사_화장품 바이어 정보_20200812.csv,253,WORLDTRADINGCORPORATION,WORLDTRADING,"8-10-1,OJIMAKOTO-KUTOKYO136-0072JAPAN",일본,JPN,46443.0,46443.0,화장품및화장용품도매업 | 46443 | WORLDTRADINGCORPORATION | WORLDTRADINGCORPORATION | 46443,화장품및화장용품도매업 | 46443 | worldtradingcorporation,1,,,35-879-6346,,,2020-08-12,1156.67,False,sales_ready
buyer_candidate,한국무역보험공사_화장품 바이어 정보,한국무역보험공사_화장품 바이어 정보_20200812.csv,255,PROCTERANDGAMBLEGUANGZHOULTD,PROCTERANDGAMBLEGUANGZHOU,"NO.1,BINHEROAD,ECONOMICANDTECHNOLOGICALDEVELOPMENTZONE,GUANGZHOU",안도라,AND,20423.0,20423.0,화장품제조업 | 20423 | PROCTERANDGAMBLEGUANGZHOULTD | PROCTERANDGAMBLEGUANGZHOULTD | 20423,화장품제조업 | 20423 | procterandgambleguangzhoultd,1,,info@pg.com.cn,8620-8221-8828,http://www.pg.com.cn,,2020-08-12,9559.896,True,sales_ready
buyer_candidate,한국무역보험공사_화장품 바이어 정보,한국무역보험공사_화장품 바이어 정보_20200812.csv,256,SUZHOUBARRIOCOSMETICSCOLTD,SUZHOUBARRIOCOSMETICS,"NO.58NANTIANCHENGROAD,HIGH-SPEEDRAILWAYNEWTOWN,SUZHOUCITY",네덜란드령 안틸레스,ANT,47813.0,47813.0,"화장품,비누및방향제소매업 | 47813 | SUZHOUBARRIOCOSMETICSCOLTD | SUZHOUBARRIOCOSMETICSCOLTD | 47813",화장품 | 비누및방향제소매업 | 47813 | suzhoubarriocosmeticscoltd,1,,info@barrio.com.cn,,www.barrio.com.cn,,2020-08-12,14267.82,True,sales_ready
buyer_candidate,한국무역보험공사_화장품 바이어 정보,한국무역보험공사_화장품 바이어 정보_20200812.csv,241,DONGRAMYPROJECTCOLTD,DONGRAMYPROJECT,"2-1,DAIRIHIGASHIGUCHI,MOJI-KU,KITAKYUSHU,FUKUOKA800-0029JAPAN",일본,JPN,46443.0,46443.0,화장품및화장용품도매업 | 46443 | DONGRAMYPROJECTCOLTD | DONGRAMYPROJECTCOLTD | 46443,화장품및화장용품도매업 | 46443 | dongramyprojectcoltd,1,,,93-342-8786,,,2020-08-12,1156.67,False,sales_ready
buyer_candidate,한국무역보험공사_화장품 바이어 정보,한국무역보험공사_화장품 바이어 정보_20200812.csv,242,HITOSIAINC,HITOSIA,"3-24-18-3F.,MINAMIIKEBUKUROTOSHIMA-KUTOKYO171-0022JAPAN",일본,JPN,46443.0,46443.0,화장품및화장용품도매업 | 46443 | HITOSIAINC | HITOSIAINC | 46443,화장품및화장용품도매업 | 46443 | hitosiainc,1,,,35-957-7335,,,2020-08-12,1156.67,False,sales_ready
buyer_candidate,한국무역보험공사_화장품 바이어 정보,한국무역보험공사_화장품 바이어 정보_20200812.csv,243,FWJAPANCOLTD,FWJAPAN,"3-3-18,NAKAMACHI,IZUMISANO,OSAKA537-0024JAPAN",일본,JPN,46443.0,46443.0,화장품및화장용품도매업 | 46443 | FWJAPANCOLTD | FWJAPANCOLTD | 46443,화장품및화장용품도매업 | 46443 | fwjapancoltd,1,,info@fw-japan.co.jp,72-468-6648,http://fw-japan.co.jp/,,2020-08-12,1156.67,True,sales_ready
buyer_candidate,한국무역보험공사_화장품 바이어 정보,한국무역보험공사_화장품 바이어 정보_20200812.csv,244,NOININC,NOIN,"GRANDFIRSTSHINJUKUGYOEN6F.,22-1,DAIKYOCHO,SHINJUKU-KU,TOKYO160-0015JAPAN",일본,JPN,46443.0,46443.0,화장품및화장용품도매업 | 46443 | NOININC | NOININC | 46443,화장품및화장용품도매업 | 46443 | noininc,1,,info@noin.tv,36-709-9840,https://noin.tv/,,2020-08-12,1156.67,True,sales_ready
buyer_candidate,한국무역보험공사_화장품 바이어 정보,한국무역보험공사_화장품 바이어 정보_20200812.csv,245,SBYCOLTD,SBY,"TOKYOFRONTTERRACE20F.,2-3-14,HIGASHISHINAGAWA,SHINAGAWA-KU,TOKYO140-0002JAPAN",일본,JPN,47813.0,47813.0,"화장품,비누및방향제소매업 | 47813 | SBYCOLTD | SBYCOLTD | 47813",화장품 | 비누및방향제소매업 | 47813 | sbycoltd,1,,info@sby.co.jp,35-796-3340,http://www.sby.co.jp/en/,,2020-08-12,1156.67,True,sales_ready
buyer_candidate,한국무역보험공사_화장품 바이어 정보,한국무역보험공사_화장품 바이어 정보_20200812.csv,246,CHANSONCOSMETICSINC,CHANSONCOSMETICS,"2-5-10,KUNIYOSHIDA,SURUGA-KU,SHIZUOKA,SHIZUOKA422-8004JAPAN",일본,JPN,20423.0,20423.0,화장품제조업 | 20423 | CHANSONCOSMETICSINC | CHANSONCOSMETICSINC | 20423,화장품제조업 | 20423 | chansoncosmeticsinc,1,,info@chanson.co.jp,54-261-9191,https://www.chanson.co.jp/,,2020-08-12,1156.67,True,sales_ready
buyer_candidate,한국무역보험공사_화장품 바이어 정보,한국무역보험공사_화장품 바이어 정보_20200812.csv,247,TEIBIINC,TEIBI,"SHIMBASHIANEXBLDG.5F.,5-35-10,SHIMBASHI,MINATO-KU,TOKYO105-0004JAPAN",일본,JPN,46443.0,46443.0,화장품및화장용품도매업 | 46443 | TEIBIINC | TEIBIINC | 46443,화장품및화장용품도매업 | 46443 | teibiinc,1,,info@teibi.co.jp,34-577-8515,http://www.teibi.co.jp/,,2020-08-12,1156.67,True,sales_ready
buyer_candidate,한국무역보험공사_화장품 바이어 정보,한국무역보험공사_화장품 바이어 정보_20200812.csv,248,CINQCOLTD,CINQ,"2-13-3,MEJIRO,TOSHIMA-KU,TOKYO171-0031JAPAN",일본,JPN,46443.0,46443.0,화장품및화장용품도매업 | 46443 | CINQCOLTD | CINQCOLTD | 46443,화장품및화장용품도매업 | 46443 | cinqcoltd,1,,,36-821-1519,,,2020-08-12,1156.67,False,sales_ready
buyer_candidate,한국무역보험공사_화장품 바이어 정보,한국무역보험공사_화장품 바이어 정보_20200812.csv,233,COREBIZCOLTD,COREBIZ,"TAKAGIBLDG.2F.,3-4-5,KAMIOCHIAI,SHINJUKU-KU,TOKYO161-0034JAPAN",일본,JPN,46443.0,46443.0,화장품및화장용품도매업 | 46443 | COREBIZCOLTD | COREBIZCOLTD | 46443,화장품및화장용품도매업 | 46443 | corebizcoltd,1,,info@ebila.jp,36-908-9806,http://www.ebila.jp/,,2020-08-12,1156.67,True,sales_ready
buyer_candidate,한국무역보험공사_화장품 바이어 정보,한국무역보험공사_화장품 바이어 정보_20200812.csv,234,KOSECORPORATION,KOSE,"NIHOMBASHIFRONT,3-6-2,NIHOMBASHI,CHUO-KU,TOKYO103-0027JAPAN",일본,JPN,20423.0,20423.0,화장품제조업 | 20423 | KOSECORPORATION | KOSECORPORATION | 20423,화장품제조업 | 20423 | kosecorporation,1,,info@kose.co.jp,33-273-1511,http://www.kose.co.jp/,,2020-08-12,1156.67,True,sales_ready
buyer_candidate,한국무역보험공사_화장품 바이어 정보,한국무역보험공사_화장품 바이어 정보_20200812.csv,235,COSMOBEAUTYCOLTD,COSMOBEAUTY,"4-3-43,SHIMAYA,KONOHANA-KU,OSAKA,OSAKA","4-3-43,SHIMAYA,KONOHANA-KU,OSAKA,OSAKA",,20423.0,20423.0,화장품제조업 | 20423 | COSMOBEAUTYCOLTD | COSMOBEAUTYCOLTD | 20423,화장품제조업 | 20423 | cosmobeautycoltd,1,,info@cosmobeauty.co.jp,,http://www.cosmobeauty.co.jp/,,2020-08-12,,True,sales_ready
buyer_candidate,한국무역보험공사_화장품 바이어 정보,한국무역보험공사_화장품 바이어 정보_20200812.csv,236,SHINBEEJAPANCOLTD,SHINBEEJAPAN,"4-13-4,HONJO,SUMIDA-KU,TOKYO130-0004JAPAN",일본,JPN,46443.0,46443.0,화장품및화장용품도매업 | 46443 | SHINBEEJAPANCOLTD | SHINBEEJAPANCOLTD | 46443,화장품및화장용품도매업 | 46443 | shinbeejapancoltd,1,,info@shinbee-japan.com,36-424-5304,http://shinbee-japan.com/,,2020-08-12,1156.67,True,sales_ready
buyer_candidate,한국무역보험공사_화장품 바이어 정보,한국무역보험공사_화장품 바이어 정보_20200812.csv,237,KEIZCOLTD,KEIZ,"188,NI,SENKOJIMACHI,KANAZAWA,ISHIKAWA920-0356JAPAN",일본,JPN,20423.0,20423.0,화장품제조업 | 20423 | KEIZCOLTD | KEIZCOLTD | 20423,화장품제조업 | 20423 | keizcoltd,1,,info@ksplant.co.jp,76-268-3070,https://www.ksplant.co.jp/,,2020-08-12,1156.67,True,sales_ready
buyer_candidate,한국무역보험공사_화장품 바이어 정보,한국무역보험공사_화장품 바이어 정보_20200812.csv,238,MEDIUSJAPANCOLTD,MEDIUSJAPAN,"EDOMACHI104BLDG.2F,104,EDOMACHI,CHUO-KU,KOBE,HYOGO650-0033JAPAN",일본,JPN,46443.0,46443.0,화장품및화장용품도매업 | 46443 | MEDIUSJAPANCOLTD | MEDIUSJAPANCOLTD | 46443,화장품및화장용품도매업 | 46443 | mediusjapancoltd,1,,info@mediusjpn.com,78-381-6524,http://www.mediusjpn.com/,,2020-08-12,1156.67,True,sales_ready
buyer_candidate,한국무역보험공사_화장품 바이어 정보,한국무역보험공사_화장품 바이어 정보_20200812.csv,239,PAIMORECOLTD,PAIMORE,"5-28,SHIMMACHI,SAKAI-KU,SAKAI,OSAKA590-0079JAPAN",일본,JPN,20423.0,20423.0,화장품제조업 | 20423 | PAIMORECOLTD | PAIMORECOLTD | 20423,화장품제조업 | 20423 | paimorecoltd,1,,info@paimore.com,72-221-1888,https://paimore.com/,,2020-08-12,1156.67,True,sales_ready
buyer_candidate,한국무역보험공사_화장품 바이어 정보,한국무역보험공사_화장품 바이어 정보_20200812.csv,240,STANDARDPROCOLTD,STANDARDPRO,"ROYCEHAKATAB1F-2,10-255,KAMIKAWABATAMACHI,HAKATA-KU,FUKUOKA,FUKUOKA812-0026JAPAN",일본,JPN,47813.0,47813.0,"화장품,비누및방향제소매업 | 47813 | STANDARDPROCOLTD | STANDARDPROCOLTD | 47813",화장품 | 비누및방향제소매업 | 47813 | standardprocoltd,1,,info@standard-p.jp,92-710-7628,http://www.standard-p.jp/,,2020-08-12,1156.67,True,sales_ready
buyer_candidate,한국무역보험공사_화장품 바이어 정보,한국무역보험공사_화장품 바이어 정보_20200812.csv,225,PTESTETIKAPROINTERNATIONAL,PTESTETIKAPROINTERNATIONAL,"RUKOSURYAINTIPERMATABLOKBNO.138-139,JL.JEMURANDAYANINO.50,JEMURWONOSARI,WONOCOLOKOTASURABAYA,60237,EASTJAVA,INDONESIA",인도네시아,IDN,46443.0,46443.0,화장품및화장용품도매업 | 46443 | PTESTETIKAPROINTERNATIONAL | PTESTETIKAPROINTERNATIONAL | 46443,화장품및화장용품도매업 | 46443 | ptestetikaprointernational,1,,esprojkt@gmail.com,842-9025,www.espro.co.id,,2020-08-12,5291.684,False,sales_ready
buyer_candidate,한국무역보험공사_화장품 바이어 정보,한국무역보험공사_화장품 바이어 정보_20200812.csv,226,PTFABINDOSEJAHTERA,PTFABINDOSEJAHTERA,"JL.PROF.DR.LATUMENTENNO.19,KOMPLEKGROGOLPERMAIBLOKENO.2-3KOTAADMINISTRASIJAKARTABARAT,11460,DKIJAKARTA,INDONESIA",인도네시아,IDN,20423.0,20423.0,화장품제조업 | 20423 | PTFABINDOSEJAHTERA | PTFABINDOSEJAHTERA | 20423,화장품제조업 | 20423 | ptfabindosejahtera,1,,sales@fabindo.com,622-1590-5941,www.fabindo.com,,2020-08-12,5291.684,False,sales_ready
buyer_candidate,한국무역보험공사_화장품 바이어 정보,한국무역보험공사_화장품 바이어 정보_20200812.csv,227,PTMANDOMINDONESIATBK,PTMANDOMINDONESIATBK,"7THFLOORSUITE7.01WISMA46KOTABNI,JL.JEND.SUDIRMANKAV.1,KARETTENGSIN,TANAHABANGKOTAADMINISTRASIJAKARTAPUSAT,10220,DKIJAKARTA,INDONESIA",인도네시아,IDN,20423.0,20423.0,화장품제조업 | 20423 | PTMANDOMINDONESIATBK | PTMANDOMINDONESIATBK | 20423,화장품제조업 | 20423 | ptmandomindonesiatbk,1,,corporatesecretary@mandom.co.id,6221-2980-9500,www.mandom.co.id,,2020-08-12,5291.684,False,sales_ready
buyer_candidate,한국무역보험공사_화장품 바이어 정보,한국무역보험공사_화장품 바이어 정보_20200812.csv,228,PERDANADUTAPERSADAPT,PERDANADUTAPERSADAPT,"RUKANGADINGBUKITINDAHBLOKINO.26,JL.BUKITGADINGRAYA,KELAPAGADINGBARAT,KELAPAGADINGKOTAADMINISTRASIJAKARTAUTARA,14240,DKIJAKARTA,INDONESIA",인도네시아,IDN,46443.0,46443.0,화장품및화장용품도매업 | 46443 | PERDANADUTAPERSADAPT | PERDANADUTAPERSADAPT | 46443,화장품및화장용품도매업 | 46443 | perdanadutapersadapt,1,,cs.thefaceshop@yahoo.com,4583-6521,www.thefaceshop.co.id,,2020-08-12,5291.684,False,sales_ready
buyer_candidate,한국무역보험공사_화장품 바이어 정보,한국무역보험공사_화장품 바이어 정보_20200812.csv,229,ALBIONCOLTD,ALBION,"HULICGINZABLDG.7F.,1-7-10,GINZA,CHUO-KU,TOKYO104-0061JAPAN",일본,JPN,20423.0,20423.0,화장품제조업 | 20423 | ALBIONCOLTD | ALBIONCOLTD | 20423,화장품제조업 | 20423 | albioncoltd,1,,info@albion.co.jp,35-524-1711,http://www.albion.co.jp/,,2020-08-12,1156.67,True,sales_ready
buyer_candidate,한국무역보험공사_화장품 바이어 정보,한국무역보험공사_화장품 바이어 정보_20200812.csv,230,BLANCHEETOILECOLTD,BLANCHEETOILE,"RAPPORTMINAMIAOYAMA54-307,5-4-44,MINAMIAOYAMA,MINATO-KU,TOKYO107-0062JAPAN",일본,JPN,46443.0,46443.0,화장품및화장용품도매업 | 46443 | BLANCHEETOILECOLTD | BLANCHEETOILECOLTD | 46443,화장품및화장용품도매업 | 46443 | blancheetoilecoltd,1,,info@blanche-etoile.com,36-427-1354,http://blanche-etoile.com/,,2020-08-12,1156.67,True,sales_ready
buyer_candidate,한국무역보험공사_화장품 바이어 정보,한국무역보험공사_화장품 바이어 정보_20200812.csv,231,MTGCOLTD,MTG,"2-32,HONJINTORI,NAKAMURA-KUNAGOYAAICHI",앙골라,AGO,46443.0,46443.0,화장품및화장용품도매업 | 46443 | MTGCOLTD | MTGCOLTD | 46443,화장품및화장용품도매업 | 46443 | mtgcoltd,1,,info@mtg.gr.jp,52-481-5001,https://www.mtg.gr.jp/,,2020-08-12,12705.4,True,sales_ready
buyer_candidate,한국무역보험공사_화장품 바이어 정보,한국무역보험공사_화장품 바이어 정보_20200812.csv,232,BJHOLDINGSCOLTD,BJHOLDINGS,"LINXBLDG.3F.,390,MARUSHINCHO,KITA-KU,NAGOYA,AICHI462-0063JAPAN",일본,JPN,46443.0,46443.0,화장품및화장용품도매업 | 46443 | BJHOLDINGSCOLTD | BJHOLDINGSCOLTD | 46443,화장품및화장용품도매업 | 46443 | bjholdingscoltd,1,,info@bj-siih.jp,52-901-8681,https://www.bj-siih.jp/,,2020-08-12,1156.67,True,sales_ready
buyer_candidate,한국무역보험공사_화장품 바이어 정보,한국무역보험공사_화장품 바이어 정보_20200812.csv,282,HANGZHOUBAAITRADINGCOMPANYLIMITED,HANGZHOUBAAITRADINGCOMPANY,"ROOM2,BUILDING3(S),XINTIANDISHIJIAXINBUILDING,XIACHENGDISTRICT,HANGZHOU,CHINA",중국,CHN,46443.0,46443.0,화장품및화장용품도매업 | 46443 | HANGZHOUBAAITRADINGCOMPANYLIMITED | HANGZHOUBAAITRADINGCOMPANYLIMITED | 46443,화장품및화장용품도매업 | 46443 | hangzhoubaaitradingcompanylimited,1,,info@baai.com,,www.baai.com,,2020-08-12,955.6511,True,sales_ready
buyer_candidate,한국무역보험공사_화장품 바이어 정보,한국무역보험공사_화장품 바이어 정보_20200812.csv,284,CHENGDUIFEELIMPORTANDEXPORTLIMITEDCOMPANY,CHENGDUIFEELIMPORTANDEXPORTLIMITED,"NO.5,7/F,BLDG.3,138TIANFU2NDST.,HI-TECHZONE,CHENGDU,SICHUAN",스위스,CHE,46443.0,46443.0,화장품및화장용품도매업 | 46443 | CHENGDUIFEELIMPORTANDEXPORTLIMITEDCOMPANY | CHENGDUIFEELIMPORTANDEXPORTLIMITEDCOMPANY | 46443,화장품및화장용품도매업 | 46443 | chengduifeelimportandexportlimitedcompany,1,,,8628-6427-4688,,,2020-08-12,8878.165,False,sales_ready
buyer_candidate,한국무역보험공사_화장품 바이어 정보,한국무역보험공사_화장품 바이어 정보_20200812.csv,286,COSMAXCHINAINC,COSMAXCHINA,"NO.1568,CHENQIAOROAD,INDUSTRIALCOMPREHENSIVEDEVELOPMENTZONE,SHANGHAICITY",가나,GHA,20423.0,20423.0,화장품제조업 | 20423 | COSMAXCHINAINC | COSMAXCHINAINC | 20423,화장품제조업 | 20423 | cosmaxchinainc,1,,info@cosmax.com.cn,8621-6710-8705,http://www.cosmax.com.cn,,2020-08-12,12774.57,True,sales_ready
buyer_candidate,한국무역보험공사_화장품 바이어 정보,한국무역보험공사_화장품 바이어 정보_20200812.csv,287,SHANGHAINATURALBEAUTYFULICOSMETICSCOLTD,SHANGHAINATURALBEAUTYFULICOSMETICS,"9HAIJIAOROAD,FENGXIANDISTRICT,SHANGHAI",가나,GHA,20423.0,20423.0,화장품제조업 | 20423 | SHANGHAINATURALBEAUTYFULICOSMETICSCOLTD | SHANGHAINATURALBEAUTYFULICOSMETICSCOLTD | 20423,화장품제조업 | 20423 | shanghainaturalbeautyfulicosmeticscoltd,1,,info@nblife.com,8621-5712-0883,http://www.nblife.com,,2020-08-12,12774.57,True,sales_ready
buyer_candidate,한국무역보험공사_화장품 바이어 정보,한국무역보험공사_화장품 바이어 정보_20200812.csv,273,QINGDAOTAIYIXINGCOMMERCIALANDTRADINGCOLTD,QINGDAOTAIYIXINGCOMMERCIALANDTRADING,"OUTLET,1/F,BUILDING1210,BINHEROAD,LICANGDISTRICT,QINGDAO,CHINA",중국,CHN,46443.0,46443.0,화장품및화장용품도매업 | 46443 | QINGDAOTAIYIXINGCOMMERCIALANDTRADINGCOLTD | QINGDAOTAIYIXINGCOMMERCIALANDTRADINGCOLTD | 46443,화장품및화장용품도매업 | 46443 | qingdaotaiyixingcommercialandtradingcoltd,1,,,186-7893-2800,,,2020-08-12,955.6511,False,sales_ready
buyer_candidate,한국무역보험공사_화장품 바이어 정보,한국무역보험공사_화장품 바이어 정보_20200812.csv,276,BEIJINGORIENTALSHENGDETRADECOLTD,BEIJINGORIENTALSHENGDETRADE,"NO.A1072,NO.145,KANGJIAGOU,CHAOYANGDIST.,BEIJING",앙골라,AGO,46443.0,46443.0,화장품및화장용품도매업 | 46443 | BEIJINGORIENTALSHENGDETRADECOLTD | BEIJINGORIENTALSHENGDETRADECOLTD | 46443,화장품및화장용품도매업 | 46443 | beijingorientalshengdetradecoltd,1,,,8610-6489-0860,,,2020-08-12,12705.4,False,sales_ready
buyer_candidate,한국무역보험공사_화장품 바이어 정보,한국무역보험공사_화장품 바이어 정보_20200812.csv,277,SHANGHAIKCINNERBELLACOSMETICCOLTD,SHANGHAIKCINNERBELLACOSMETIC,"RM.2-211,NO.561,HANGNANROAD,PUDONGNEWAREA,SHANGHAI",가나,GHA,46443.0,46443.0,화장품및화장용품도매업 | 46443 | SHANGHAIKCINNERBELLACOSMETICCOLTD | SHANGHAIKCINNERBELLACOSMETICCOLTD | 46443,화장품및화장용품도매업 | 46443 | shanghaikcinnerbellacosmeticcoltd,1,,info@kcinnerbella.com,8621-6128-0185,http://www.kcinnerbella.com,,2020-08-12,12774.57,True,sales_ready
buyer_candidate,한국무역보험공사_화장품 바이어 정보,한국무역보험공사_화장품 바이어 정보_20200812.csv,278,SHANGHAIINOHERBCOSMETICSCOLTD,SHANGHAIINOHERBCOSMETICS,"NO.121,CHENGYINROAD,BAOSHANDISTRICT,SHANGHAI,CHINA",중국,CHN,20423.0,20423.0,화장품제조업 | 20423 | SHANGHAIINOHERBCOSMETICSCOLTD | SHANGHAIINOHERBCOSMETICSCOLTD | 20423,화장품제조업 | 20423 | shanghaiinoherbcosmeticscoltd,1,,public@inoherb.com,8621-6183-9500,www.inoherb.com,,2020-08-12,955.6511,False,sales_ready
buyer_candidate,한국무역보험공사_화장품 바이어 정보,한국무역보험공사_화장품 바이어 정보_20200812.csv,280,COSMOBEAUTYCOSMETICSNANTONGCOLTD,COSMOBEAUTYCOSMETICSNANTONG,"NO.17,XINDONGROAD,ECONOMICANDTECHNOLOGICALDEVELOPMENTZONE,NANTONG,JIANGSU",네덜란드령 안틸레스,ANT,20423.0,20423.0,화장품제조업 | 20423 | COSMOBEAUTYCOSMETICSNANTONGCOLTD | COSMOBEAUTYCOSMETICSNANTONGCOLTD | 20423,화장품제조업 | 20423 | cosmobeautycosmeticsnantongcoltd,1,,,86513-8533-3030,,,2020-08-12,14267.82,False,sales_ready
buyer_candidate,한국무역보험공사_화장품 바이어 정보,한국무역보험공사_화장품 바이어 정보_20200812.csv,265,AANDHINTERNATIONALCOSMETICSCOLTD,AANDHINTERNATIONALCOSMETICS,"FACTORYBUILDING3,4&5,NO.1298,JUTINGRD.,FENGXIANDISTRICT,SHANGHAI,CHINA",중국,CHN,20423.0,20423.0,화장품제조업 | 20423 | AANDHINTERNATIONALCOSMETICSCOLTD | AANDHINTERNATIONALCOSMETICSCOLTD | 20423,화장품제조업 | 20423 | aandhinternationalcosmeticscoltd,1,,info@a-hcosmetics.com,8621-5746-0368,www.a-hcosmetics.com,,2020-08-12,955.6511,True,sales_ready
buyer_candidate,한국무역보험공사_화장품 바이어 정보,한국무역보험공사_화장품 바이어 정보_20200812.csv,266,SHANGHAILENERCHEMICALCOLTD,SHANGHAILENERCHEMICAL,"ROOM1-102,BUILDING4,FENGJINGSHOPPINGMALL,NO.9135ZHUFENGHIGHWAY,JINSHANDISTRICT,SHANGHAI",가나,GHA,46443.0,46443.0,화장품및화장용품도매업 | 46443 | SHANGHAILENERCHEMICALCOLTD | SHANGHAILENERCHEMICALCOLTD | 46443,화장품및화장용품도매업 | 46443 | shanghailenerchemicalcoltd,1,,,8621-2420-8276,,,2020-08-12,12774.57,False,sales_ready
buyer_candidate,한국무역보험공사_화장품 바이어 정보,한국무역보험공사_화장품 바이어 정보_20200812.csv,268,SHANDONGETOPTRADINGCOLTD,SHANDONGETOPTRADING,"NO.-6-A512,LOTTECENTURYCITY,ECONOMIC&TECHNOLOGICALDEVELOPMENTZONE,WEIHAI,SHANDONG",안도라,AND,46443.0,46443.0,화장품및화장용품도매업 | 46443 | SHANDONGETOPTRADINGCOLTD | SHANDONGETOPTRADINGCOLTD | 46443,화장품및화장용품도매업 | 46443 | shandongetoptradingcoltd,1,,,8663-1518-2900,,,2020-08-12,9559.896,False,sales_ready
buyer_candidate,한국무역보험공사_화장품 바이어 정보,한국무역보험공사_화장품 바이어 정보_20200812.csv,270,AMORECOSMETICSSHANGHAICOLTD,AMORECOSMETICSSHANGHAI,"768BOXUESOUTHROAD,MALUTOWN,JIADINGDISTRICT,SHANGHAICITY",가나,GHA,20423.0,20423.0,화장품제조업 | 20423 | AMORECOSMETICSSHANGHAICOLTD | AMORECOSMETICSSHANGHAICOLTD | 20423,화장품제조업 | 20423 | amorecosmeticsshanghaicoltd,1,,,8621-3918-2704,,,2020-08-12,12774.57,False,sales_ready
buyer_candidate,한국무역보험공사_화장품 바이어 정보,한국무역보험공사_화장품 바이어 정보_20200812.csv,271,HANSUWONCHANGCHUNIMPORTANDEXPORTCOLTD,HANSUWONCHANGCHUNIMPORTANDEXPORT,"NO.203,RESIDENTIALBUILDING28,LIWANGKANGCHENGZHONG1BLOCK(PHASEIINPLOTD),JINQIANROAD,ERDAODISTRICT,CHANGCHUN,CHINA",중국,CHN,46443.0,46443.0,화장품및화장용품도매업 | 46443 | HANSUWONCHANGCHUNIMPORTANDEXPORTCOLTD | HANSUWONCHANGCHUNIMPORTANDEXPORTCOLTD | 46443,화장품및화장용품도매업 | 46443 | hansuwonchangchunimportandexportcoltd,1,,,136-1070-1078,,,2020-08-12,955.6511,False,sales_ready
buyer_candidate,한국무역보험공사_화장품 바이어 정보,한국무역보험공사_화장품 바이어 정보_20200812.csv,272,FRUFEINTERNATIONALTRADINGSHANGHAICOLTD,FRUFEINTERNATIONALTRADINGSHANGHAI,"SUITEA1,8/F,NO.1235,WUZHONGROAD,MINHANGDISTRICT,SHANGHAICITY",가나,GHA,46443.0,46443.0,화장품및화장용품도매업 | 46443 | FRUFEINTERNATIONALTRADINGSHANGHAICOLTD | FRUFEINTERNATIONALTRADINGSHANGHAICOLTD | 46443,화장품및화장용품도매업 | 46443 | frufeinternationaltradingshanghaicoltd,1,,,8621-5422-3135,,,2020-08-12,12774.57,False,sales_ready
buyer_candidate,한국무역보험공사_화장품 바이어 정보,한국무역보험공사_화장품 바이어 정보_20200812.csv,258,ZHOUSHANKONAELECTRONICCOMMERCECOLTD,ZHOUSHANKONAELECTRONICCOMMERCE,"ROOM305-16002,ENTERPRISESERVICECENTEROFZHOUSHANPORTCOMPREHENSIVEBONDEDZONE,DINGHAIDISTRICT,ZHOUSHANCITY,ZHEJIANGPROVINCE(PILOTFREETRADEZONE)",가나,GHA,46443.0,46443.0,화장품및화장용품도매업 | 46443 | ZHOUSHANKONAELECTRONICCOMMERCECOLTD | ZHOUSHANKONAELECTRONICCOMMERCECOLTD | 46443,화장품및화장용품도매업 | 46443 | zhoushankonaelectroniccommercecoltd,1,,,8658-0817-0765,,,2020-08-12,12774.57,False,sales_ready
buyer_candidate,한국무역보험공사_화장품 바이어 정보,한국무역보험공사_화장품 바이어 정보_20200812.csv,259,ANCORSSHANGHAICOSMETICSCOLTD,ANCORSSHANGHAICOSMETICS,"891QIANQIAOROAD,FENGXIANDISTRICT,SHANGHAICITY",가나,GHA,20423.0,20423.0,화장품제조업 | 20423 | ANCORSSHANGHAICOSMETICSCOLTD | ANCORSSHANGHAICOSMETICSCOLTD | 20423,화장품제조업 | 20423 | ancorsshanghaicosmeticscoltd,1,,,8621-6031-8715,,,2020-08-12,12774.57,False,sales_ready
buyer_candidate,한국무역보험공사_화장품 바이어 정보,한국무역보험공사_화장품 바이어 정보_20200812.csv,260,GRACETIESHANGHAIINTERNATIONALTRADINGCOLTD,GRACETIESHANGHAIINTERNATIONALTRADING,"5F,NO.310,JINGAOROAD,PUDONGNEWAREA,SHANGHAICITY",가나,GHA,46443.0,46443.0,화장품및화장용품도매업 | 46443 | GRACETIESHANGHAIINTERNATIONALTRADINGCOLTD | GRACETIESHANGHAIINTERNATIONALTRADINGCOLTD | 46443,화장품및화장용품도매업 | 46443 | gracetieshanghaiinternationaltradingcoltd,1,,info@gracetie.com,,http://www.gracetie.com,,2020-08-12,12774.57,True,sales_ready
buyer_candidate,한국무역보험공사_화장품 바이어 정보,한국무역보험공사_화장품 바이어 정보_20200812.csv,262,BEIJINGCRANETRADINGCOLTD,BEIJINGCRANETRADING,"NO.32-5019,YARD5,GUANGSHUNNORTHSTREET,CHAOYANGDISTRICT,BEIJING",노르웨이,NOR,46443.0,46443.0,화장품및화장용품도매업 | 46443 | BEIJINGCRANETRADINGCOLTD | BEIJINGCRANETRADINGCOLTD | 46443,화장품및화장용품도매업 | 46443 | beijingcranetradingcoltd,1,,,8610-5718-7823,,,2020-08-12,7730.767,False,sales_ready
buyer_candidate,한국무역보험공사_화장품 바이어 정보,한국무역보험공사_화장품 바이어 정보_20200812.csv,263,GUANGZHOUBAIRUNCOSMETICCOLTD,GUANGZHOUBAIRUNCOSMETIC,"SELF-NUMBERED3,NO.149TAIGANG3RDRD.,GANGWEI,RENHETOWN,BAIYUNDISTRICT,GUANGZHOU","SELF-NUMBERED3,NO.149TAIGANG3RDRD.,GANGWEI,RENHETOWN,BAIYUNDISTRICT,GUANGZHOU",,20423.0,20423.0,화장품제조업 | 20423 | GUANGZHOUBAIRUNCOSMETICCOLTD | GUANGZHOUBAIRUNCOSMETICCOLTD | 20423,화장품제조업 | 20423 | guangzhoubairuncosmeticcoltd,1,,info@gzbairun.com,8620-8603-1038,www.gzbairun.com,,2020-08-12,,True,sales_ready
buyer_candidate,한국무역보험공사_화장품 바이어 정보,한국무역보험공사_화장품 바이어 정보_20200812.csv,264,HOPEGUANGZHOUCOLTD,HOPEGUANGZHOU,"ROOM805,SELF-CODEDBLDG.B1,2707KACHUANGAVENUE,HIGH-TECHINDUSTRIALDEVELOPMENTZONE,GUANGZHOU,CHINA",중국,CHN,46443.0,46443.0,화장품및화장용품도매업 | 46443 | HOPEGUANGZHOUCOLTD | HOPEGUANGZHOUCOLTD | 46443,화장품및화장용품도매업 | 46443 | hopeguangzhoucoltd,1,,,8620-8225-8763,,,2020-08-12,955.6511,False,sales_ready
buyer_candidate,한국무역보험공사_화장품 바이어 정보,한국무역보험공사_화장품 바이어 정보_20200812.csv,313,BEIERSDORFSA,BEIERSDORF,AVENIDALOESPEJO501MAIPUMAIPUSANTIAGO9250000SANTIAGOCHILE,칠레,CHL,20423.0,20423.0,화장품제조업 | 20423 | BEIERSDORFSA | BEIERSDORFSA | 20423,화장품제조업 | 20423 | beiersdorfsa,1,,Recepcion.Chile@Beiersdorf.com,562-2368-8800,www.beiersdorf.cl,,2020-08-12,18375.18,False,sales_ready
buyer_candidate,한국무역보험공사_화장품 바이어 정보,한국무역보험공사_화장품 바이어 정보_20200812.csv,314,TROBSPA,TROBSPA,"FRANCISCOBILBAO2580,PROVIDENCIASANTIAGOCHILE",칠레,CHL,47813.0,47813.0,"화장품,비누및방향제소매업 | 47813 | TROBSPA | TROBSPA | 47813",화장품 | 비누및방향제소매업 | 47813 | trobspa,1,,jbendov@trobchile.com,5622-3202-5530,http://www.therepublicofbeauty.com,,2020-08-12,18375.18,False,sales_ready
buyer_candidate,한국무역보험공사_화장품 바이어 정보,한국무역보험공사_화장품 바이어 정보_20200812.csv,315,LABORATORIOBALLERINALTDA,LABORATORIOBALLERINALTDA,"ANTONIOESCOBARWILLIAMS,190,CERRILLOS,SANTIAGOXIIIREGIONMETROPOLITANACHILE",칠레,CHL,20423.0,20423.0,화장품제조업 | 20423 | LABORATORIOBALLERINALTDA | LABORATORIOBALLERINALTDA | 20423,화장품제조업 | 20423 | laboratorioballerinaltda,1,,cristian.hoppe@ballerina.cl,562-2925-3000,www.ballerina.cl,,2020-08-12,18375.18,False,sales_ready
buyer_candidate,한국무역보험공사_화장품 바이어 정보,한국무역보험공사_화장품 바이어 정보_20200812.csv,316,MONAMIEKZLTD,MONAMIEKZ,"AVE.DOSTIK,48,ALMATY,ALMATYREGION,050010,KAZAKHSTAN",카자흐스탄,KAZ,47813.0,47813.0,"화장품,비누및방향제소매업 | 47813 | MONAMIEKZLTD | MONAMIEKZLTD | 47813",화장품 | 비누및방향제소매업 | 47813 | monamiekzltd,1,,reception@monamie.kz,772-7344-0152,www.monamie.kz,,2020-08-12,4227.772,False,sales_ready
buyer_candidate,한국무역보험공사_화장품 바이어 정보,한국무역보험공사_화장품 바이어 정보_20200812.csv,317,ACOSMETICSLTD,ACOSMETICS,"ABAYAAVENUE,151,ALMATY,ALMATYREGION,050000,KAZAKHSTAN",카자흐스탄,KAZ,47813.0,47813.0,"화장품,비누및방향제소매업 | 47813 | ACOSMETICSLTD | ACOSMETICSLTD | 47813",화장품 | 비누및방향제소매업 | 47813 | acosmeticsltd,1,,m_abdikar@mail.ru,777-7363-9911,http://www.asian-cosmetics.kz,,2020-08-12,4227.772,False,sales_ready
buyer_candidate,한국무역보험공사_화장품 바이어 정보,한국무역보험공사_화장품 바이어 정보_20200812.csv,318,KOREAHEALTHANDBEAUTYLTD,KOREAHEALTHANDBEAUTY,"SATPAEVASTREET32,OFFICE10,ALMATY,ALMATYREGION,A15P5B9,KAZAKHSTAN",카자흐스탄,KAZ,47813.0,47813.0,"화장품,비누및방향제소매업 | 47813 | KOREAHEALTHANDBEAUTYLTD | KOREAHEALTHANDBEAUTYLTD | 47813",화장품 | 비누및방향제소매업 | 47813 | koreahealthandbeautyltd,1,,nurkaz-co@mail.ru,772-7274-2687,,,2020-08-12,4227.772,False,sales_ready
buyer_candidate,한국무역보험공사_화장품 바이어 정보,한국무역보험공사_화장품 바이어 정보_20200812.csv,319,BEANDCARECAMBODIACOLTD(LIPSANDLOVESTORE/BMMYBEAUTYMAKEOVER),BEANDCARECAMBODIACOLTDLIPSANDLOVESTOREBMMYBEAUTYMAKEOVER,"BOREYNEWWORLDNO.26,16,TRAPEANGTHLOENG,CHOMCHAO,PORSENCHEY,PHNOMPENH,CAMBODIA",캄보디아,KHM,46443.0,46443.0,화장품및화장용품도매업 | 46443 | BEANDCARECAMBODIACOLTD(LIPSANDLOVESTORE/BMMYBEAUTYMAKEOVER) | BEANDCARECAMBODIACOLTD(LIPSANDLOVESTORE/BMMYBEAUTYMAKEOVER) | 46443,화장품및화장용품도매업 | 46443 | beandcarecambodiacoltd(lipsandlovestore | bmmybeautymakeover),1,,info@bccambodia.com,85-5635-5616,www.llstores.com,,2020-08-12,3628.807,False,sales_ready
buyer_candidate,한국무역보험공사_화장품 바이어 정보,한국무역보험공사_화장품 바이어 정보_20200812.csv,320,GROUPEMARCELLEINC,GROUPEMARCELLE,9200CHDELACOTE-DE-LIESSELACHINEPQH8T1A1,리히텐슈타인,LIE,20423.0,20423.0,화장품제조업 | 20423 | GROUPEMARCELLEINC | GROUPEMARCELLEINC | 20423,화장품제조업 | 20423 | groupemarcelleinc,1,,,51-4631-7710,,,2020-08-12,,False,sales_ready
buyer_candidate,한국무역보험공사_화장품 바이어 정보,한국무역보험공사_화장품 바이어 정보_20200812.csv,309,ADVANSVISLIMITEDLIABILITYCOMPANY,ADVANSVISLIMITEDLIABILITY,"UZLICINA195/4,PRAHA-TREBONICE,15521,CZECHREPUBLIC",체코,CZE,46443.0,46443.0,화장품및화장용품도매업 | 46443 | ADVANSVISLIMITEDLIABILITYCOMPANY | ADVANSVISLIMITEDLIABILITYCOMPANY | 46443,화장품및화장용품도매업 | 46443 | advansvislimitedliabilitycompany,1,,ktodorov@advansvis.com,4206-0856-7536,www.biofreshkosmetika.cz,,2020-08-12,8262.063,False,sales_ready
buyer_candidate,한국무역보험공사_화장품 바이어 정보,한국무역보험공사_화장품 바이어 정보_20200812.csv,310,MATTESCORPLIMITEDLIABILITYCOMPANY,MATTESCORPLIMITEDLIABILITY,"COLLO-LOUKY1557,FRYDEK-MISTEK-MISTEK,73801,CZECHREPUBLIC",체코,CZE,46443.0,46443.0,화장품및화장용품도매업 | 46443 | MATTESCORPLIMITEDLIABILITYCOMPANY | MATTESCORPLIMITEDLIABILITYCOMPANY | 46443,화장품및화장용품도매업 | 46443 | mattescorplimitedliabilitycompany,1,,mattrad@mattesgroup.cz,4205-5860-5213,www.mattesgroup.com,,2020-08-12,8262.063,False,sales_ready
buyer_candidate,한국무역보험공사_화장품 바이어 정보,한국무역보험공사_화장품 바이어 정보_20200812.csv,311,MEDAPREXLIMITEDLIABILITYCOMPANY,MEDAPREXLIMITEDLIABILITY,"TRUHLARSKA1518/27,PRAHA-NOVEMESTO,11000,CZECHREPUBLIC",체코,CZE,46443.0,46443.0,화장품및화장용품도매업 | 46443 | MEDAPREXLIMITEDLIABILITYCOMPANY | MEDAPREXLIMITEDLIABILITYCOMPANY | 46443,화장품및화장용품도매업 | 46443 | medaprexlimitedliabilitycompany,1,,gabriela.nozickova@medaprex.cz,4206-0241-0076,www.medaprex.cz,,2020-08-12,8262.063,False,sales_ready
buyer_candidate,한국무역보험공사_화장품 바이어 정보,한국무역보험공사_화장품 바이어 정보_20200812.csv,312,SOCIEDADDEINVERSIONESDJSPA,SOCIEDADDEINVERSIONESDJSPA,"NUEVA1661,TORREC,HUECHURABASANTIAGOCHILE",칠레,CHL,46443.0,46443.0,화장품및화장용품도매업 | 46443 | SOCIEDADDEINVERSIONESDJSPA | SOCIEDADDEINVERSIONESDJSPA | 46443,화장품및화장용품도매업 | 46443 | sociedaddeinversionesdjspa,1,,contacto@dbschile.cl,56-2892-2400,www.dbsbeautystore.cl,,2020-08-12,18375.18,False,sales_ready
buyer_candidate,한국무역보험공사_화장품 바이어 정보,한국무역보험공사_화장품 바이어 정보_20200812.csv,298,GUANGZHOUZHONGSHANGBEAUTYCOLTD,GUANGZHOUZHONGSHANGBEAUTY,"306,BLDG.14,644SHIBEIGONGYERD.,DASHIST.,PANYUDISTRICT,GUANGZHOUCITY",상투메프린시페,STP,20423.0,20423.0,화장품제조업 | 20423 | GUANGZHOUZHONGSHANGBEAUTYCOLTD | GUANGZHOUZHONGSHANGBEAUTYCOLTD | 20423,화장품제조업 | 20423 | guangzhouzhongshangbeautycoltd,1,,,8620-2291-7888,,,2020-08-12,12626.85,False,sales_ready
buyer_candidate,한국무역보험공사_화장품 바이어 정보,한국무역보험공사_화장품 바이어 정보_20200812.csv,299,SHANDONGFREDABIOENGCOLTD,SHANDONGFREDABIOENG,"888XINLUOSTREET,HIGHTECHZONE,JINANCITY,SHANDONGPROVINCE",안도라,AND,20423.0,20423.0,화장품제조업 | 20423 | SHANDONGFREDABIOENGCOLTD | SHANDONGFREDABIOENGCOLTD | 20423,화장품제조업 | 20423 | shandongfredabioengcoltd,1,,info@rellet.com,,http://www.rellet.com,,2020-08-12,9559.896,True,sales_ready
buyer_candidate,한국무역보험공사_화장품 바이어 정보,한국무역보험공사_화장품 바이어 정보_20200812.csv,300,XINDISHANGHAITRADINGCOLTD,XINDISHANGHAITRADING,"ROOM322,BUILDING1,NO.3203,HONGMEIROAD,MINHANGDISTRICT,SHANGHAI",가나,GHA,46443.0,46443.0,화장품및화장용품도매업 | 46443 | XINDISHANGHAITRADINGCOLTD | XINDISHANGHAITRADINGCOLTD | 46443,화장품및화장용품도매업 | 46443 | xindishanghaitradingcoltd,1,,,8621-6151-3877,,,2020-08-12,12774.57,False,sales_ready
buyer_candidate,한국무역보험공사_화장품 바이어 정보,한국무역보험공사_화장품 바이어 정보_20200812.csv,301,GUANGZHOUOMELONCOSMETICSCOLTD,GUANGZHOUOMELONCOSMETICS,"(FOROFFICEONLY)B,RM.1101,RENMINMIDDLERD.,LIWANDISTRICT,GUANGZHOU,GUANGDONG",안도라,AND,46443.0,46443.0,화장품및화장용품도매업 | 46443 | GUANGZHOUOMELONCOSMETICSCOLTD | GUANGZHOUOMELONCOSMETICSCOLTD | 46443,화장품및화장용품도매업 | 46443 | guangzhouomeloncosmeticscoltd,1,,info@omelon.cn,,http://www.omelon.cn,,2020-08-12,9559.896,True,sales_ready
buyer_candidate,한국무역보험공사_화장품 바이어 정보,한국무역보험공사_화장품 바이어 정보_20200812.csv,302,GUANGZHOUHEYIELECTRONICCOMMERCIALCOLTD,GUANGZHOUHEYIELECTRONICCOMMERCIAL,"401,BUILDINGA7,MAWULIANHEINDUSTRIALZONE,NO.33HUANGYUANROAD,HUANGSHISUB-DISTRICT,BAIYUNDISTRICT,GUANGZHOUCITY,CHINA(SELF-DECLARED)",중국,CHN,46443.0,46443.0,화장품및화장용품도매업 | 46443 | GUANGZHOUHEYIELECTRONICCOMMERCIALCOLTD | GUANGZHOUHEYIELECTRONICCOMMERCIALCOLTD | 46443,화장품및화장용품도매업 | 46443 | guangzhouheyielectroniccommercialcoltd,1,,info@heyi818.com,,www.heyi818.com,,2020-08-12,955.6511,True,sales_ready
buyer_candidate,한국무역보험공사_화장품 바이어 정보,한국무역보험공사_화장품 바이어 정보_20200812.csv,303,QINGDAOMEIXIANGINTERNATIONALTRADECOLTD,QINGDAOMEIXIANGINTERNATIONALTRADE,"ROOM301,BUILDING2,ANTAIPLAZA,76LIANYUNGANGROAD,SHIBEIDISTRICT,QINGDAO,SHANDONG",나이지리아,NGA,46443.0,46443.0,화장품및화장용품도매업 | 46443 | QINGDAOMEIXIANGINTERNATIONALTRADECOLTD | QINGDAOMEIXIANGINTERNATIONALTRADECOLTD | 46443,화장품및화장용품도매업 | 46443 | qingdaomeixianginternationaltradecoltd,1,,,156-8986-0520,,,2020-08-12,12414.0,False,sales_ready
buyer_candidate,한국무역보험공사_화장품 바이어 정보,한국무역보험공사_화장품 바이어 정보_20200812.csv,289,HUAANTANGBIOTECHGROUPCOLTD,HUAANTANGBIOTECHGROUP,"(FACTORY)NO.13LIUWEISTREET,HUALONGTOWN,PANYUDISTRICT,GUANGZHOU,CHINA",중국,CHN,20423.0,20423.0,화장품제조업 | 20423 | HUAANTANGBIOTECHGROUPCOLTD | HUAANTANGBIOTECHGROUPCOLTD | 20423,화장품제조업 | 20423 | huaantangbiotechgroupcoltd,1,,info@huaantang.com,8620-6668-7388,www.huaantang.com,,2020-08-12,955.6511,False,sales_ready
buyer_candidate,한국무역보험공사_화장품 바이어 정보,한국무역보험공사_화장품 바이어 정보_20200812.csv,290,SHANGHAIKANGMEIINTERNATIONALBIOCHEMICALCOLTD,SHANGHAIKANGMEIINTERNATIONALBIOCHEMICAL,"NO.1638,BEISONGHIGHWAYMINHANGDISTRICTSHANGHAICITY",가나,GHA,20423.0,20423.0,화장품제조업 | 20423 | SHANGHAIKANGMEIINTERNATIONALBIOCHEMICALCOLTD | SHANGHAIKANGMEIINTERNATIONALBIOCHEMICALCOLTD | 20423,화장품제조업 | 20423 | shanghaikangmeiinternationalbiochemicalcoltd,1,,info@shkm.com.cn,8621-6409-0560,http://www.shkm.com.cn,,2020-08-12,12774.57,True,sales_ready
buyer_candidate,한국무역보험공사_화장품 바이어 정보,한국무역보험공사_화장품 바이어 정보_20200812.csv,291,SHANGHAIG2COLTD,SHANGHAIG2,"ROOM306,3/F,BLDG.4,7001ZHONGCHUNROAD,MINHANGDISTRICT,SHANGHAI",가나,GHA,46443.0,46443.0,화장품및화장용품도매업 | 46443 | SHANGHAIG2COLTD | SHANGHAIG2COLTD | 46443,화장품및화장용품도매업 | 46443 | shanghaig2coltd,1,,,8621-5265-7320,,,2020-08-12,12774.57,False,sales_ready
buyer_candidate,한국무역보험공사_화장품 바이어 정보,한국무역보험공사_화장품 바이어 정보_20200812.csv,292,SHANGHAIBOWANGENTERPRISELTDCOMPANY,SHANGHAIBOWANGENTERPRISELTD,"RM.74,FLOOR5,NO.468,SIPINGROAD,FENGXIANDISTRICT,SHANGHAI",가나,GHA,46443.0,46443.0,화장품및화장용품도매업 | 46443 | SHANGHAIBOWANGENTERPRISELTDCOMPANY | SHANGHAIBOWANGENTERPRISELTDCOMPANY | 46443,화장품및화장용품도매업 | 46443 | shanghaibowangenterpriseltdcompany,1,,,8621-6940-2777,,,2020-08-12,12774.57,False,sales_ready
buyer_candidate,한국무역보험공사_화장품 바이어 정보,한국무역보험공사_화장품 바이어 정보_20200812.csv,293,SHANGHAIYULINGENTERPRISELTDCOMPANY,SHANGHAIYULINGENTERPRISELTD,"NO.133,DONGZHENGROAD,HUINANTOWN,PUDONGNEWAREA,SHANGHAI",가나,GHA,46443.0,46443.0,화장품및화장용품도매업 | 46443 | SHANGHAIYULINGENTERPRISELTDCOMPANY | SHANGHAIYULINGENTERPRISELTDCOMPANY | 46443,화장품및화장용품도매업 | 46443 | shanghaiyulingenterpriseltdcompany,1,,info@ponybrownplus-cn.com,8621136-1161-1126,http://www.ponybrownplus-cn.com,,2020-08-12,12774.57,True,sales_ready
buyer_candidate,한국무역보험공사_화장품 바이어 정보,한국무역보험공사_화장품 바이어 정보_20200812.csv,294,GUANGZHOUELFERCOSMETICSCOLTD,GUANGZHOUELFERCOSMETICS,"3/F,BUILDINGG,NO.6,CAOTANGROAD,BAIYUNDISTRICT,GUANGZHOU,CHINA",중국,CHN,20423.0,20423.0,화장품제조업 | 20423 | GUANGZHOUELFERCOSMETICSCOLTD | GUANGZHOUELFERCOSMETICSCOLTD | 20423,화장품제조업 | 20423 | guangzhouelfercosmeticscoltd,1,,info@gz-eiffel.com,186-2060-0909,www.gz-eiffel.com,,2020-08-12,955.6511,True,sales_ready
buyer_candidate,한국무역보험공사_화장품 바이어 정보,한국무역보험공사_화장품 바이어 정보_20200812.csv,295,GUANGZHOUTAIJIELECTRONICCOLTD,GUANGZHOUTAIJIELECTRONIC,"E1,25/F,EVERBRIGHTBANKBUILDING,685-691TIANHENORTHROAD,TIANHEDISTRICT,GUANGZHOU",노르웨이,NOR,46443.0,46443.0,화장품및화장용품도매업 | 46443 | GUANGZHOUTAIJIELECTRONICCOLTD | GUANGZHOUTAIJIELECTRONICCOLTD | 46443,화장품및화장용품도매업 | 46443 | guangzhoutaijielectroniccoltd,1,,info@artpro-nail.com,8620-3873-0031,http://www.artpro-nail.com,,2020-08-12,7730.767,True,sales_ready
buyer_candidate,한국무역보험공사_화장품 바이어 정보,한국무역보험공사_화장품 바이어 정보_20200812.csv,345,TALAYPUNATURALPRODUCTSCOMPANYLIMITED,TALAYPUNATURALPRODUCTSCOMPANY,"23/81SOISUKHUMVIT63SUKHUMVITROAD,20THFLOOR,ROOM23/81ASORACHAIBUILDING,KLONGTON-NUE,WATTANA,BANGKOK,10110,THAILAND",태국,THA,46443.0,46443.0,화장품및화장용품도매업 | 46443 | TALAYPUNATURALPRODUCTSCOMPANYLIMITED | TALAYPUNATURALPRODUCTSCOMPANYLIMITED | 46443,화장품및화장용품도매업 | 46443 | talaypunaturalproductscompanylimited,1,,info@talaypu.com,66-2714-0885,www.khaokhotalaypu.com,,2020-08-12,3724.624,False,sales_ready
buyer_candidate,한국무역보험공사_화장품 바이어 정보,한국무역보험공사_화장품 바이어 정보_20200812.csv,346,SANDJINTERNATIONALENTERPRISESPUBLICCOMPANYLIMITED(SANDJ),SANDJINTERNATIONALENTERPRISESPUBLICCOMPANYLIMITEDSANDJ,"SAHAGROUPINDUSTRIALPARK,600/4MOO11,SUKHAPHIBAN8ROAD,NONGKHAM,SIRACHA,CHONBURI20110,THAILAND",태국,THA,20423.0,20423.0,화장품제조업 | 20423 | SANDJINTERNATIONALENTERPRISESPUBLICCOMPANYLIMITED(SANDJ) | SANDJINTERNATIONALENTERPRISESPUBLICCOMPANYLIMITED(SANDJ) | 20423,화장품제조업 | 20423 | sandjinternationalenterprisespubliccompanylimited(sandj),1,,sjoffice@snjinter.com,66-2676-2727,http://www.snjinter.com,,2020-08-12,3724.624,False,sales_ready
buyer_candidate,한국무역보험공사_화장품 바이어 정보,한국무역보험공사_화장품 바이어 정보_20200812.csv,347,GIFFARINESKYLINELABORATORYANDHEALTHCARECOMPANYLIMITED,GIFFARINESKYLINELABORATORYANDHEALTHCARECOMPANY,"NAVANAKORNINDUSTRIALESTATE,222/1-3MOO13,PHAHONYOTHINROAD,KHLONGNUENG,KHLONGLUANG,PATHUMTHANI12120,THAILAND",태국,THA,20423.0,20423.0,화장품제조업 | 20423 | GIFFARINESKYLINELABORATORYANDHEALTHCARECOMPANYLIMITED | GIFFARINESKYLINELABORATORYANDHEALTHCARECOMPANYLIMITED | 20423,화장품제조업 | 20423 | giffarineskylinelaboratoryandhealthcarecompanylimited,1,,enquiry@giffarinefactory.com,66-2834-9222,http://www.giffarinefactory.com,,2020-08-12,3724.624,False,sales_ready
buyer_candidate,한국무역보험공사_화장품 바이어 정보,한국무역보험공사_화장품 바이어 정보_20200812.csv,348,CMAXTECHNOLOGYCOMPANYLIMITED,CMAXTECHNOLOGYCOMPANY,"56/16SOMDETPHRACHAOTAKSINROAD,BUKKHALO,THONBURI,BANGKOK10600,THAILAND",태국,THA,46443.0,46443.0,화장품및화장용품도매업 | 46443 | CMAXTECHNOLOGYCOMPANYLIMITED | CMAXTECHNOLOGYCOMPANYLIMITED | 46443,화장품및화장용품도매업 | 46443 | cmaxtechnologycompanylimited,1,,,66-2878-8371,,,2020-08-12,3724.624,False,sales_ready
buyer_candidate,한국무역보험공사_화장품 바이어 정보,한국무역보험공사_화장품 바이어 정보_20200812.csv,350,FCPCOMPANYLIMITED,FCPCOMPANY,"45MOO4,KHLONGUDOMCHONLACHON,MUEANGCHACHOENGSAO,CHACHOENGSAO24000,THAILAND",태국,THA,20423.0,20423.0,화장품제조업 | 20423 | FCPCOMPANYLIMITED | FCPCOMPANYLIMITED | 20423,화장품제조업 | 20423 | fcpcompanylimited,1,,export@fcpco.com,663-8086-8678,http://www.fcpco.com,,2020-08-12,3724.624,False,sales_ready
buyer_candidate,한국무역보험공사_화장품 바이어 정보,한국무역보험공사_화장품 바이어 정보_20200812.csv,351,ARSSANALMAGAZACILIKKOZMETIKELEKTRONIKTEKSTILILETISIMKIMYAGIDAINSAATITHALATIHRACATSANAYIVETICARETLTDSTI,ARSSANALMAGAZACILIKKOZMETIKELEKTRONIKTEKSTILILETISIMKIMYAGIDAINSAATITHALATIHRACATSANAYIVETICARETLTDSTI,BATISIT.MAH.TAHSINKAHRAMANCAD.GERSANSANAYISIT.NO:107YENIMAHALLE06370ANKARA/TURKEY,튀르키예,TUR,46443.0,46443.0,화장품및화장용품도매업 | 46443 | ARSSANALMAGAZACILIKKOZMETIKELEKTRONIKTEKSTILILETISIMKIMYAGIDAINSAATITHALATIHRACATSANAYIVETICARETLTDSTI | ARSSANALMAGAZACILIKKOZMETIKELEKTRONIKTEKSTILILETISIMKIMYAGIDAINSAATITHALATIHRACATSANAYIVETICARETLTDSTI | 46443,화장품및화장용품도매업 | 46443 | arssanalmagazacilikkozmetikelektroniktekstililetisimkimyagidainsaatithalatihracatsanayiveticaretltdsti,1,,iletisim@missha.com.tr,9031-2440-2445,www.missha.com.tr,,2020-08-12,7967.701,False,sales_ready
buyer_candidate,한국무역보험공사_화장품 바이어 정보,한국무역보험공사_화장품 바이어 정보_20200812.csv,352,ALESTAMDILACVEDERMOKOZMETIKSAGLIKSANAYIDISTICARETAS,ALESTAMDILACVEDERMOKOZMETIKSAGLIKSANAYIDISTICARETAS,ICERENKOYMAH.UMUTSK.ANDOFISSIT.NO:10-12/70ATASEHIR34752ISTANBUL/TURKEY,리투아니아,LTU,46443.0,46443.0,화장품및화장용품도매업 | 46443 | ALESTAMDILACVEDERMOKOZMETIKSAGLIKSANAYIDISTICARETAS | ALESTAMDILACVEDERMOKOZMETIKSAGLIKSANAYIDISTICARETAS | 46443,화장품및화장용품도매업 | 46443 | alestamdilacvedermokozmetiksagliksanayidisticaretas,1,,info@alesta-md.com,9021-6339-4050,www.alesta-md.com,,2020-08-12,7365.838,False,sales_ready
buyer_candidate,한국무역보험공사_화장품 바이어 정보,한국무역보험공사_화장품 바이어 정보_20200812.csv,337,BLOOMIGOCOMPANYLIMITED,BLOOMIGOCOMPANY,"1SOIRAMKHAMHAENG60/4,RAMKHAMHAENGROAD,HUAMAK,BANGKAPI,BANGKOK10240,THAILAND",태국,THA,46443.0,46443.0,화장품및화장용품도매업 | 46443 | BLOOMIGOCOMPANYLIMITED | BLOOMIGOCOMPANYLIMITED | 46443,화장품및화장용품도매업 | 46443 | bloomigocompanylimited,1,,support@bloomigo.com,66-2375-6000,http://www.bloomigo.com,,2020-08-12,3724.624,False,sales_ready
buyer_candidate,한국무역보험공사_화장품 바이어 정보,한국무역보험공사_화장품 바이어 정보_20200812.csv,338,MITMONGKOLINDUSTRYCOMPANYLIMITED,MITMONGKOLINDUSTRYCOMPANY,"136RAMAIISOI54,YAEK4,SAMAEDAM,BANGKHUNTHIAN,BANGKOK10150,THAILAND",태국,THA,20423.0,20423.0,화장품제조업 | 20423 | MITMONGKOLINDUSTRYCOMPANYLIMITED | MITMONGKOLINDUSTRYCOMPANYLIMITED | 20423,화장품제조업 | 20423 | mitmongkolindustrycompanylimited,1,,sales@mitmongkol.com,66-2899-5262,http://www.mitmongkol.com,,2020-08-12,3724.624,False,sales_ready
buyer_candidate,한국무역보험공사_화장품 바이어 정보,한국무역보험공사_화장품 바이어 정보_20200812.csv,339,GLOBALASIABIZCENTERCOMPANYLIMITED,GLOBALASIABIZCENTERCOMPANY,"PORNCHAIENGINEERING&TRADINGTOWER,5THFLOOR,25SOIBANGNA-TRAT34,BANGNATAI,BANGNA,BANGKOK10260,THAILAND",태국,THA,46443.0,46443.0,화장품및화장용품도매업 | 46443 | GLOBALASIABIZCENTERCOMPANYLIMITED | GLOBALASIABIZCENTERCOMPANYLIMITED | 46443,화장품및화장용품도매업 | 46443 | globalasiabizcentercompanylimited,1,,info@koreanewitem.com,66-2103-1167,http://www.koreanewitem.com,,2020-08-12,3724.624,False,sales_ready
buyer_candidate,한국무역보험공사_화장품 바이어 정보,한국무역보험공사_화장품 바이어 정보_20200812.csv,340,TLBTHAILANDCOMPANYLIMITED,TLBTHAILANDCOMPANY,"MODERNTOWN,87/59SOIEKAMAI3,SOISUKHUMVIT63ROAD,KHLONGTANNUEA,WATTHANA,BANGKOK10110,THAILAND",태국,THA,46443.0,46443.0,화장품및화장용품도매업 | 46443 | TLBTHAILANDCOMPANYLIMITED | TLBTHAILANDCOMPANYLIMITED | 46443,화장품및화장용품도매업 | 46443 | tlbthailandcompanylimited,1,,prasopsan@tlbthailand.com,66-2045-5434,http://www.tlb-group.com,,2020-08-12,3724.624,False,sales_ready
buyer_candidate,한국무역보험공사_화장품 바이어 정보,한국무역보험공사_화장품 바이어 정보_20200812.csv,341,INTELIXCOMPANYLIMITED,INTELIXCOMPANY,"168/21KHOOBONROAD,KHANNAYAO,KHANNAYAO,BANGKOK10230THAILAND",태국,THA,20423.0,20423.0,화장품제조업 | 20423 | INTELIXCOMPANYLIMITED | INTELIXCOMPANYLIMITED | 20423,화장품제조업 | 20423 | intelixcompanylimited,1,,,669-3246-3659,,,2020-08-12,3724.624,False,sales_ready
buyer_candidate,한국무역보험공사_화장품 바이어 정보,한국무역보험공사_화장품 바이어 정보_20200812.csv,342,MARVALICHEALTHCOMPANYLIMTIED,MARVALICHEALTHCOMPANYLIMTIED,"68/5TAKUAN-HATSAITHONGROAD,MAPTAPHUT,MUEANGRAYONG,RAYONG21150,THAILAND",태국,THA,46443.0,46443.0,화장품및화장용품도매업 | 46443 | MARVALICHEALTHCOMPANYLIMTIED | MARVALICHEALTHCOMPANYLIMTIED | 46443,화장품및화장용품도매업 | 46443 | marvalichealthcompanylimtied,1,,marvalic@marvalic.com,666-5496-4553,http://www.marvalic.com,,2020-08-12,3724.624,False,sales_ready
buyer_candidate,한국무역보험공사_화장품 바이어 정보,한국무역보험공사_화장품 바이어 정보_20200812.csv,343,PURICOMPANYLIMITED,PURICOMPANY,"GAYSORNTOWER,24THFLOOR,ROOMA,D,127RATCHADAMRIROAD,LUMPHINI,PATHUMWAN,BANGKOK10330,THAILAND",태국,THA,46443.0,46443.0,화장품및화장용품도매업 | 46443 | PURICOMPANYLIMITED | PURICOMPANYLIMITED | 46443,화장품및화장용품도매업 | 46443 | puricompanylimited,1,,info@panpuri.com,66-2253-5858,http://www.panpuri.com,,2020-08-12,3724.624,False,sales_ready
buyer_candidate,한국무역보험공사_화장품 바이어 정보,한국무역보험공사_화장품 바이어 정보_20200812.csv,344,GOODMERCECOMPANYLIMITED,GOODMERCECOMPANY,"1ST-2NDFLOOR,540SOIRATCHADAPHISEK26,RATCHADAPHISEKROAD,SAMSENNOK,HUAIKHWANG,BANGKOK10310,THAILAND",태국,THA,46443.0,46443.0,화장품및화장용품도매업 | 46443 | GOODMERCECOMPANYLIMITED | GOODMERCECOMPANYLIMITED | 46443,화장품및화장용품도매업 | 46443 | goodmercecompanylimited,1,,goodmerce2016@gmail.com,66-2541-5435,http://www.holikaholikathailand.com,,2020-08-12,3724.624,False,sales_ready
buyer_candidate,한국무역보험공사_화장품 바이어 정보,한국무역보험공사_화장품 바이어 정보_20200812.csv,329,MILOTTLABORATORIESCOMPANYLIMITED,MILOTTLABORATORIESCOMPANY,"84/55MOO11,SOITANASIT,THEPHARAKROAD,BANGPLA,BANGPHLI,SAMUTPRAKAN10540,THAILAND",태국,THA,20423.0,20423.0,화장품제조업 | 20423 | MILOTTLABORATORIESCOMPANYLIMITED | MILOTTLABORATORIESCOMPANYLIMITED | 20423,화장품제조업 | 20423 | milottlaboratoriescompanylimited,1,,info@milott.co.th,66-2729-8111,http://www.milott.com,,2020-08-12,3724.624,False,sales_ready
buyer_candidate,한국무역보험공사_화장품 바이어 정보,한국무역보험공사_화장품 바이어 정보_20200812.csv,330,SHERSHOLMESCOMPANYLIMITED,SHERSHOLMESCOMPANY,"22/43SUKHAPHIBAN2ROAD,PRAWET,PRAWET,BANGKOK10250,THAILAND",태국,THA,46443.0,46443.0,화장품및화장용품도매업 | 46443 | SHERSHOLMESCOMPANYLIMITED | SHERSHOLMESCOMPANYLIMITED | 46443,화장품및화장용품도매업 | 46443 | shersholmescompanylimited,1,,accstyle@gmail.com,66-2101-9424,,,2020-08-12,3724.624,False,sales_ready
buyer_candidate,한국무역보험공사_화장품 바이어 정보,한국무역보험공사_화장품 바이어 정보_20200812.csv,331,ULTRAVMEDICALAESTHETICTHAILANDCOMPANYLIMITED,ULTRAVMEDICALAESTHETICTHAILANDCOMPANY,"188RAMAIISOI60,SAMAEDAM,BANGKHUNTHIAN,BANGKOK10150,THAILAND",태국,THA,46443.0,46443.0,화장품및화장용품도매업 | 46443 | ULTRAVMEDICALAESTHETICTHAILANDCOMPANYLIMITED | ULTRAVMEDICALAESTHETICTHAILANDCOMPANYLIMITED | 46443,화장품및화장용품도매업 | 46443 | ultravmedicalaestheticthailandcompanylimited,1,,kanyarat.ultravthailand@gmail.com,662-4165-5589,,,2020-08-12,3724.624,False,sales_ready
buyer_candidate,한국무역보험공사_화장품 바이어 정보,한국무역보험공사_화장품 바이어 정보_20200812.csv,332,IMAGINEGROUP1996COMPANYLIMITED,IMAGINEGROUP1996COMPANY,"37SOICHARANSANITWONG65,CHARANSANITWONGROAD,BANGBAMRU,BANGPHLAT,BANGKOK10700,THAILAND",태국,THA,46443.0,46443.0,화장품및화장용품도매업 | 46443 | IMAGINEGROUP1996COMPANYLIMITED | IMAGINEGROUP1996COMPANYLIMITED | 46443,화장품및화장용품도매업 | 46443 | imaginegroup1996companylimited,1,,info@misshathailand.com,662-8865-2703,http://www.misshathailand.com,,2020-08-12,3724.624,True,sales_ready
buyer_candidate,한국무역보험공사_화장품 바이어 정보,한국무역보험공사_화장품 바이어 정보_20200812.csv,333,INTERNATIONALLABORATORIESCORPORATIONLIMITED,INTERNATIONALLABORATORIESCORPORATION,"62MOO8,BANGNA-TRATROAD,BANGCHALONG,BANGPHLI,SAMUTPRAKAN10540,THAILAND",태국,THA,20423.0,20423.0,화장품제조업 | 20423 | INTERNATIONALLABORATORIESCORPORATIONLIMITED | INTERNATIONALLABORATORIESCORPORATIONLIMITED | 20423,화장품제조업 | 20423 | internationallaboratoriescorporationlimited,1,,export@ilc-cosmetic.com,662-3468-2224,http://www.ilc-cosmetic.com,,2020-08-12,3724.624,False,sales_ready
buyer_candidate,한국무역보험공사_화장품 바이어 정보,한국무역보험공사_화장품 바이어 정보_20200812.csv,334,INNOBELLETRADINGCOMPANYLIMITED,INNOBELLETRADINGCOMPANY,"OCCICAREMEDICALCENTER,5THFLOOR,77MOO1,SUKHUMVITROAD,HUAIKAPI,MUEANGCHONBURI,CHONBURI20000,THAILAND",태국,THA,46443.0,46443.0,화장품및화장용품도매업 | 46443 | INNOBELLETRADINGCOMPANYLIMITED | INNOBELLETRADINGCOMPANYLIMITED | 46443,화장품및화장용품도매업 | 46443 | innobelletradingcompanylimited,1,,tanut@innobelle.com,6638-2888-6901,,,2020-08-12,3724.624,False,sales_ready
buyer_candidate,한국무역보험공사_화장품 바이어 정보,한국무역보험공사_화장품 바이어 정보_20200812.csv,335,DOTHAILANDCOMPANYLIMITED,DOTHAILANDCOMPANY,"160/81SOIPHIBUNUPPATHAM,SAMSENNOK,HUAIKHWANG,BANGKOK10310,THAILAND",태국,THA,46443.0,46443.0,화장품및화장용품도매업 | 46443 | DOTHAILANDCOMPANYLIMITED | DOTHAILANDCOMPANYLIMITED | 46443,화장품및화장용품도매업 | 46443 | dothailandcompanylimited,1,,info@omarsharifth.com,66-2167-4019,http://www.omarsharifth.com,,2020-08-12,3724.624,True,sales_ready
buyer_candidate,한국무역보험공사_화장품 바이어 정보,한국무역보험공사_화장품 바이어 정보_20200812.csv,336,SEYANINTERNATIONALCOMPANYLIMITED,SEYANINTERNATIONALCOMPANY,"62PHRANNOK-PHUTTHAMONTHONSAI4ROAD,BANGPHROM,TALINGCHAN,BANGKOK10170,THAILAND",태국,THA,46443.0,46443.0,화장품및화장용품도매업 | 46443 | SEYANINTERNATIONALCOMPANYLIMITED | SEYANINTERNATIONALCOMPANYLIMITED | 46443,화장품및화장용품도매업 | 46443 | seyaninternationalcompanylimited,1,,seyankr@gmail.com,66-2077-5771,http://www.seyan.co.kr,,2020-08-12,3724.624,False,sales_ready
buyer_candidate,한국무역보험공사_화장품 바이어 정보,한국무역보험공사_화장품 바이어 정보_20200812.csv,321,INNOVATIONFUTUREDEPREMIERPLANINC,INNOVATIONFUTUREDEPREMIERPLAN,"1000GAUCHETIEREWEST,SUITE2456MONTREAL,QUEBECH3B4W5CANADA",캐나다,CAN,46443.0,46443.0,화장품및화장용품도매업 | 46443 | INNOVATIONFUTUREDEPREMIERPLANINC | INNOVATIONFUTUREDEPREMIERPLANINC | 46443,화장품및화장용품도매업 | 46443 | innovationfuturedepremierplaninc,1,,ceo@lfiglobal.com,43-8300-9020,www.lfiglobal.com,,2020-08-12,10617.7,False,sales_ready
buyer_candidate,한국무역보험공사_화장품 바이어 정보,한국무역보험공사_화장품 바이어 정보_20200812.csv,322,SHIFEONENTERPRISESLTD,SHIFEONENTERPRISES,1291ROBSONSTVANCOUVERBCV6E1C2,1291ROBSONSTVANCOUVERBCV6E1C2,,47813.0,47813.0,"화장품,비누및방향제소매업 | 47813 | SHIFEONENTERPRISESLTD | SHIFEONENTERPRISESLTD | 47813",화장품 | 비누및방향제소매업 | 47813 | shifeonenterprisesltd,1,,,60-4688-3291,,,2020-08-12,,False,sales_ready
buyer_candidate,한국무역보험공사_화장품 바이어 정보,한국무역보험공사_화장품 바이어 정보_20200812.csv,323,LUCASMEYERCOSMETICSCANADAINC,LUCASMEYERCOSMETICSCANADA,2590BOULLAURIERBUREAU650QUEBECPQG1V4M6,2590BOULLAURIERBUREAU650QUEBECPQG1V4M6,,20423.0,20423.0,화장품제조업 | 20423 | LUCASMEYERCOSMETICSCANADAINC | LUCASMEYERCOSMETICSCANADAINC | 20423,화장품제조업 | 20423 | lucasmeyercosmeticscanadainc,1,,,41-8653-6888,,,2020-08-12,,False,sales_ready
buyer_candidate,한국무역보험공사_화장품 바이어 정보,한국무역보험공사_화장품 바이어 정보_20200812.csv,324,HOLLYWOODALLIANCECANADAINC,HOLLYWOODALLIANCECANADA,7SAINTTHOMASSTUNIT208TORONTOONM5S2B7,튀니지,TUN,47813.0,47813.0,"화장품,비누및방향제소매업 | 47813 | HOLLYWOODALLIANCECANADAINC | HOLLYWOODALLIANCECANADAINC | 47813",화장품 | 비누및방향제소매업 | 47813 | hollywoodalliancecanadainc,1,,,41-6485-7555,,,2020-08-12,9513.838,False,sales_ready
buyer_candidate,한국무역보험공사_화장품 바이어 정보,한국무역보험공사_화장품 바이어 정보_20200812.csv,325,LACARAFELIZJWYAMERICALTDA,LACARAFELIZJWYAMERICALTDA,"OFICENTROTRIVIUMN19,ESCAZUSANJOSECOSTARICA",코스타리카,CRI,46443.0,46443.0,화장품및화장용품도매업 | 46443 | LACARAFELIZJWYAMERICALTDA | LACARAFELIZJWYAMERICALTDA | 46443,화장품및화장용품도매업 | 46443 | lacarafelizjwyamericaltda,1,,bekol@naver.com,506-2216,,,2020-08-12,13836.1,False,sales_ready
buyer_candidate,한국무역보험공사_화장품 바이어 정보,한국무역보험공사_화장품 바이어 정보_20200812.csv,326,SEOULCOOLFORCOSMETICMATERIALSCOMPANYWLL,SEOULCOOLFORCOSMETICMATERIALSCOMPANYWLL,"SAMAMALL,OFFICE1,BUILDING81,BLOCK5,EGAILAH,KUWAIT",쿠웨이트,KWT,46443.0,46443.0,화장품및화장용품도매업 | 46443 | SEOULCOOLFORCOSMETICMATERIALSCOMPANYWLL | SEOULCOOLFORCOSMETICMATERIALSCOMPANYWLL | 46443,화장품및화장용품도매업 | 46443 | seoulcoolforcosmeticmaterialscompanywll,1,,angie@seoulkool.me,965-5532-3922,www.seoulcool.me,,2020-08-12,7181.025,False,sales_ready
buyer_candidate,한국무역보험공사_화장품 바이어 정보,한국무역보험공사_화장품 바이어 정보_20200812.csv,327,UNIONINTERNATIONALTRADINGCOMPANYWLL,UNIONINTERNATIONALTRADINGCOMPANYWLL,"OFFICE17/12,5THFLOOR,BUILDING37,BLOCK3,MURGAB,KUWAIT",쿠웨이트,KWT,46443.0,46443.0,화장품및화장용품도매업 | 46443 | UNIONINTERNATIONALTRADINGCOMPANYWLL | UNIONINTERNATIONALTRADINGCOMPANYWLL | 46443,화장품및화장용품도매업 | 46443 | unioninternationaltradingcompanywll,1,,vanessa@unioninternationalco.com,965-2266-2280,www.unioninternationalco.com,,2020-08-12,7181.025,False,sales_ready
buyer_candidate,한국무역보험공사_화장품 바이어 정보,한국무역보험공사_화장품 바이어 정보_20200812.csv,328,INSTYLELLC,INSTYLE,"10-THMICRODISTRICT,18-46,BISHKEK,KYRGYZSTAN","10-THMICRODISTRICT,18-46,BISHKEK,KYRGYZSTAN",,46443.0,46443.0,화장품및화장용품도매업 | 46443 | INSTYLELLC | INSTYLELLC | 46443,화장품및화장용품도매업 | 46443 | instylellc,1,,office@instyle.kg,9963-1266-0777,http://instyle.kg/,,2020-08-12,,False,sales_ready
buyer_candidate,한국무역보험공사_화장품 바이어 정보,한국무역보험공사_화장품 바이어 정보_20200812.csv,378,OELPOOLAUSTRALIAPTYLTDANDTHEBIEDERMANNFAMILYTRUST,OELPOOLAUSTRALIAPTYLTDANDTHEBIEDERMANNFAMILYTRUST,38AUTOMOTIVEDRWANGARAWA6065,나이지리아,NGA,46443.0,46443.0,화장품및화장용품도매업 | 46443 | OELPOOLAUSTRALIAPTYLTDANDTHEBIEDERMANNFAMILYTRUST | OELPOOLAUSTRALIAPTYLTDANDTHEBIEDERMANNFAMILYTRUST | 46443,화장품및화장용품도매업 | 46443 | oelpoolaustraliaptyltdandthebiedermannfamilytrust,1,,admin@advancedcosmeceuticals.com.au,89-409-5433,www.advancedcosmeceuticals.com.au,,2020-08-12,12414.0,False,sales_ready
buyer_candidate,한국무역보험공사_화장품 바이어 정보,한국무역보험공사_화장품 바이어 정보_20200812.csv,379,AVENIRPACIFICPTYLTD,AVENIRPACIFICPTY,UNIT374MURDOCHCIRCUITACACIARIDGEQLD4110,이탈리아,ITA,46443.0,46443.0,화장품및화장용품도매업 | 46443 | AVENIRPACIFICPTYLTD | AVENIRPACIFICPTYLTD | 46443,화장품및화장용품도매업 | 46443 | avenirpacificptyltd,1,,info@n01cosmetics.com.au,73-711-2390,www.avenirpacific.com.au,,2020-08-12,8982.659,False,sales_ready
buyer_candidate,한국무역보험공사_화장품 바이어 정보,한국무역보험공사_화장품 바이어 정보_20200812.csv,380,INBPTYLTD,INBPTY,60BLEVEL6'104BATHURSTSTREETSYDNEYNSW2000,60BLEVEL6'104BATHURSTSTREETSYDNEYNSW2000,,47813.0,47813.0,"화장품,비누및방향제소매업 | 47813 | INBPTYLTD | INBPTYLTD | 47813",화장품 | 비누및방향제소매업 | 47813 | inbptyltd,1,,info@boniik.com,29-283-2202,www.boniik.com,,2020-08-12,,True,sales_ready
buyer_candidate,한국무역보험공사_화장품 바이어 정보,한국무역보험공사_화장품 바이어 정보_20200812.csv,381,SINKICONCEPTUALWORLDLIMITED,SINKICONCEPTUALWORLD,"RM5,N2/FKAISERESTPH3,11HOKYUENSTHUNGHOM,KOWLOONHONGKONG",홍콩,HKG,46443.0,46443.0,화장품및화장용품도매업 | 46443 | SINKICONCEPTUALWORLDLIMITED | SINKICONCEPTUALWORLDLIMITED | 46443,화장품및화장용품도매업 | 46443 | sinkiconceptualworldlimited,1,,winkychan@kstarsgroup.com.hk,852-3596-3008,,,2020-08-12,2095.843,False,sales_ready
buyer_candidate,한국무역보험공사_화장품 바이어 정보,한국무역보험공사_화장품 바이어 정보_20200812.csv,382,MINISOINTERNATIONALHONGKONGLIMITED,MINISOINTERNATIONALHONGKONG,"RMA12/FKIUFUCOMLBLDG,300LOCKHARTRDWANCHAI,HONGKONGISLANDHONGKONG",홍콩,HKG,47813.0,47813.0,"화장품,비누및방향제소매업 | 47813 | MINISOINTERNATIONALHONGKONGLIMITED | MINISOINTERNATIONALHONGKONGLIMITED | 47813",화장품 | 비누및방향제소매업 | 47813 | minisointernationalhongkonglimited,1,,info@miniso.hk,852-3954-5109,www.miniso.hk,,2020-08-12,2095.843,True,sales_ready
buyer_candidate,한국무역보험공사_화장품 바이어 정보,한국무역보험공사_화장품 바이어 정보_20200812.csv,383,PETITBONHEURLIMITED,PETITBONHEUR,"RM122112/FRADIOCITY,505HENNESSYRDCAUSEWAYBAY,HONGKONGISLANDHONGKONG",홍콩,HKG,46443.0,46443.0,화장품및화장용품도매업 | 46443 | PETITBONHEURLIMITED | PETITBONHEURLIMITED | 46443,화장품및화장용품도매업 | 46443 | petitbonheurlimited,1,,INFO@PETITBONHEUR.COM.HK,,WWW.PETITBONHEUR.COM.HK,,2020-08-12,2095.843,False,sales_ready
buyer_candidate,한국무역보험공사_화장품 바이어 정보,한국무역보험공사_화장품 바이어 정보_20200812.csv,384,YOUUPINTERNATIONALLIMITED,YOUUPINTERNATIONAL,"RMA24/FSUPERLUCKINDLCTRPH2,57SHATSUIRDTSUENWAN,NEWTERRITORIESHONGKONG",홍콩,HKG,47813.0,47813.0,"화장품,비누및방향제소매업 | 47813 | YOUUPINTERNATIONALLIMITED | YOUUPINTERNATIONALLIMITED | 47813",화장품 | 비누및방향제소매업 | 47813 | youupinternationallimited,1,,,852-3153-2768,,,2020-08-12,2095.843,False,sales_ready
buyer_candidate,한국무역보험공사_화장품 바이어 정보,한국무역보험공사_화장품 바이어 정보_20200812.csv,369,ELLIPSE,ELLIPSE,92BOULEVARDDUGENERALDEGAULLE59100ROUBAIXFRANCE,프랑스,FRA,46443.0,46443.0,화장품및화장용품도매업 | 46443 | ELLIPSE | ELLIPSE | 46443,화장품및화장용품도매업 | 46443 | ellipse,1,,,32-028-1717,,,2020-08-12,8981.467,False,sales_ready
buyer_candidate,한국무역보험공사_화장품 바이어 정보,한국무역보험공사_화장품 바이어 정보_20200812.csv,370,PARFUMSPAROUR,PARFUMSPAROUR,6AVENUEMATIGNON75008PARIS8EARRONDISSEMENTFRANCE,프랑스,FRA,20423.0,20423.0,화장품제조업 | 20423 | PARFUMSPAROUR | PARFUMSPAROUR | 20423,화장품제조업 | 20423 | parfumsparour,1,,,14-764-5454,,,2020-08-12,8981.467,False,sales_ready
buyer_candidate,한국무역보험공사_화장품 바이어 정보,한국무역보험공사_화장품 바이어 정보_20200812.csv,371,DEBRUYERE,DEBRUYERE,121414RPTCHAMPSELYSEESMDASSAULT75008PARIS8EARRONDISSEMENTFRANCE,프랑스,FRA,46443.0,46443.0,화장품및화장용품도매업 | 46443 | DEBRUYERE | DEBRUYERE | 46443,화장품및화장용품도매업 | 46443 | debruyere,1,,,97-262-2366,,,2020-08-12,8981.467,False,sales_ready
buyer_candidate,한국무역보험공사_화장품 바이어 정보,한국무역보험공사_화장품 바이어 정보_20200812.csv,372,SODIP,SODIP,21BOULEVARDMONTMARTRE75002PARIS2EARRONDISSEMENTFRANCE,프랑스,FRA,46443.0,46443.0,화장품및화장용품도매업 | 46443 | SODIP | SODIP | 46443,화장품및화장용품도매업 | 46443 | sodip,1,,,14-026-2020,,,2020-08-12,8981.467,False,sales_ready
buyer_candidate,한국무역보험공사_화장품 바이어 정보,한국무역보험공사_화장품 바이어 정보_20200812.csv,373,AUVAVISION,AUVAVISION,RUED209LIEUDITCAULOURROUTEDETIRAGON06370MOUANSSARTOUXFRANCE,프랑스,FRA,46443.0,46443.0,화장품및화장용품도매업 | 46443 | AUVAVISION | AUVAVISION | 46443,화장품및화장용품도매업 | 46443 | auvavision,1,,,42-210-8312,,,2020-08-12,8981.467,False,sales_ready
buyer_candidate,한국무역보험공사_화장품 바이어 정보,한국무역보험공사_화장품 바이어 정보_20200812.csv,374,LABORATOIRESCLARINS,LABORATOIRESCLARINS,12AVENUEDELAPORTEDESTERNES75017PARIS17EARRONDISSEMENTFRANCE,프랑스,FRA,20423.0,20423.0,화장품제조업 | 20423 | LABORATOIRESCLARINS | LABORATOIRESCLARINS | 20423,화장품제조업 | 20423 | laboratoiresclarins,1,,,96-413-6774,,,2020-08-12,8981.467,False,sales_ready
buyer_candidate,한국무역보험공사_화장품 바이어 정보,한국무역보험공사_화장품 바이어 정보_20200812.csv,375,SAPARISIS,SAPARISIS,30RUELABOETIE75008PARIS8EARRONDISSEMENTFRANCE,프랑스,FRA,46443.0,46443.0,화장품및화장용품도매업 | 46443 | SAPARISIS | SAPARISIS | 46443,화장품및화장용품도매업 | 46443 | saparisis,1,,,14-407-5339,,,2020-08-12,8981.467,False,sales_ready
buyer_candidate,한국무역보험공사_화장품 바이어 정보,한국무역보험공사_화장품 바이어 정보_20200812.csv,376,UNILEVERPHILIPPINESINC,UNILEVERPHILIPPINES,7THFLOORBONIFACIOSTOPOVERCORPORATECENTER31STSTREETCORNER2NDAVENUEBONIFACIOGLOBALCITYTAGUIG1634MANILAPHILIPPINES,필리핀,PHL,20423.0,20423.0,화장품제조업 | 20423 | UNILEVERPHILIPPINESINC | UNILEVERPHILIPPINESINC | 20423,화장품제조업 | 20423 | unileverphilippinesinc,1,,Eileen.Felizco@unilever.com,632-7219-1172,www.unilever.com.ph,,2020-08-12,2615.751,False,sales_ready
buyer_candidate,한국무역보험공사_화장품 바이어 정보,한국무역보험공사_화장품 바이어 정보_20200812.csv,361,TERRANOVASRL,TERRANOVA,"CALLEEMILIANOR.FERNANDEZS/N,BARRIOCENTROCIUDADDELESTEPARAGUAY",파라과이,PRY,46443.0,46443.0,화장품및화장용품도매업 | 46443 | TERRANOVASRL | TERRANOVASRL | 46443,화장품및화장용품도매업 | 46443 | terranovasrl,1,,ventas@shoppingterranova.com.py,5956-1514,www.shoppingterranova.com.py,,2020-08-12,18600.7,False,sales_ready
buyer_candidate,한국무역보험공사_화장품 바이어 정보,한국무역보험공사_화장품 바이어 정보_20200812.csv,362,MARIATRADINGEST,MARIATRADINGEST,"F/83/3BLOCK-BNORTHNAZIMABAD,KARACHI,PAKISTAN",파키스탄,PAK,46443.0,46443.0,화장품및화장용품도매업 | 46443 | MARIATRADINGEST | MARIATRADINGEST | 46443,화장품및화장용품도매업 | 46443 | mariatradingest,1,,,9221-3483-7940,,,2020-08-12,4828.073,False,sales_ready
buyer_candidate,한국무역보험공사_화장품 바이어 정보,한국무역보험공사_화장품 바이어 정보_20200812.csv,363,LUSCIOUSCOSMETICS(COSMETICS),LUSCIOUSCOSMETICSCOSMETICS,"HOUSENO.76,BLOCK-K,GULBERG-III,LAHOREGULBERGTOWN,LAHORE,PAKISTAN",파키스탄,PAK,47813.0,47813.0,"화장품,비누및방향제소매업 | 47813 | LUSCIOUSCOSMETICS(COSMETICS) | LUSCIOUSCOSMETICS(COSMETICS) | 47813",화장품 | 비누및방향제소매업 | 47813 | lusciouscosmetics(cosmetics),1,,info@iloveluscious.com,9242-3575-8001,www.lusciouscosmetics.pk,,2020-08-12,4828.073,False,sales_ready
buyer_candidate,한국무역보험공사_화장품 바이어 정보,한국무역보험공사_화장품 바이어 정보_20200812.csv,364,DRIRENAERISJOINTSTOCKCOMPANY,DRIRENAERISJOINTSTOCK,"UL.ARMIIKRAJOWEJ12,PIASECZNO,05-500,POLAND",폴란드,POL,20423.0,20423.0,화장품제조업 | 20423 | DRIRENAERISJOINTSTOCKCOMPANY | DRIRENAERISJOINTSTOCKCOMPANY | 20423,화장품제조업 | 20423 | drirenaerisjointstockcompany,1,,serwis@DrIrenaEris.com,482-2717-1111,www.drirenaeris.com,,2020-08-12,7753.967,False,sales_ready
buyer_candidate,한국무역보험공사_화장품 바이어 정보,한국무역보험공사_화장품 바이어 정보_20200812.csv,365,AURADISTRIBUTIONLIMITEDLIABILITYCOMPANY,AURADISTRIBUTIONLIMITEDLIABILITY,"UL.ESTRADY9,MOSCISKA,05-080,POLAND",폴란드,POL,46443.0,46443.0,화장품및화장용품도매업 | 46443 | AURADISTRIBUTIONLIMITEDLIABILITYCOMPANY | AURADISTRIBUTIONLIMITEDLIABILITYCOMPANY | 46443,화장품및화장용품도매업 | 46443 | auradistributionlimitedliabilitycompany,1,,aura@auradistribution.pl,486-9867-1201,www.auradistribution.pl,,2020-08-12,7753.967,False,sales_ready
buyer_candidate,한국무역보험공사_화장품 바이어 정보,한국무역보험공사_화장품 바이어 정보_20200812.csv,366,NESPERTALIMITEDLIABILITYCOMPANY,NESPERTALIMITEDLIABILITY,"JUGOSLOWIANSKA43,POZNAN,60-149,POLAND",폴란드,POL,20423.0,20423.0,화장품제조업 | 20423 | NESPERTALIMITEDLIABILITYCOMPANY | NESPERTALIMITEDLIABILITYCOMPANY | 20423,화장품제조업 | 20423 | nespertalimitedliabilitycompany,1,,sekretariat@nesperta.com,486-1306-7772,www.nesperta.com,,2020-08-12,7753.967,False,sales_ready
buyer_candidate,한국무역보험공사_화장품 바이어 정보,한국무역보험공사_화장품 바이어 정보_20200812.csv,367,EDITIONSDESSENS,EDITIONSDESSENS,ETATLIBREDORANGE697169RUEDESARCHIVES75003PARIS3EARRONDISSEMENTFRANCE,프랑스,FRA,46443.0,46443.0,화장품및화장용품도매업 | 46443 | EDITIONSDESSENS | EDITIONSDESSENS | 46443,화장품및화장용품도매업 | 46443 | editionsdessens,1,,,14-278-3009,,,2020-08-12,8981.467,False,sales_ready
buyer_candidate,한국무역보험공사_화장품 바이어 정보,한국무역보험공사_화장품 바이어 정보_20200812.csv,368,ZENITHPARFUMSPARIS,ZENITHPARFUMSPARIS,16RUEDELACONVENTION75015PARISFRANCE,프랑스,FRA,47813.0,47813.0,"화장품,비누및방향제소매업 | 47813 | ZENITHPARFUMSPARIS | ZENITHPARFUMSPARIS | 47813",화장품 | 비누및방향제소매업 | 47813 | zenithparfumsparis,1,,,14-236-1111,,,2020-08-12,8981.467,False,sales_ready
buyer_candidate,한국무역보험공사_화장품 바이어 정보,한국무역보험공사_화장품 바이어 정보_20200812.csv,353,OMERYILMAZYILMAZKOZMETIK,OMERYILMAZYILMAZKOZMETIK,MERKEZMAH.KAGITHANECAD.DAPVADIYOFISSIT.NO:5/14KAGITHANE34406ISTANBUL/TURKEY,리투아니아,LTU,46443.0,46443.0,화장품및화장용품도매업 | 46443 | OMERYILMAZYILMAZKOZMETIK | OMERYILMAZYILMAZKOZMETIK | 46443,화장품및화장용품도매업 | 46443 | omeryilmazyilmazkozmetik,1,,info@ylmzcosmetics.com,9021-2295-5885,www.ylmzcosmetics.com,,2020-08-12,7365.838,True,sales_ready
buyer_candidate,한국무역보험공사_화장품 바이어 정보,한국무역보험공사_화장품 바이어 정보_20200812.csv,354,VONAGELABORATUVARKOZMETIKDISTICARETLTDSTI,VONAGELABORATUVARKOZMETIKDISTICARETLTDSTI,LEVENTMAH.BUYUKDERECAD.YASEMINSOK.NO:6BESIKTAS34330ISTANBUL/TURKEY,리투아니아,LTU,46443.0,46443.0,화장품및화장용품도매업 | 46443 | VONAGELABORATUVARKOZMETIKDISTICARETLTDSTI | VONAGELABORATUVARKOZMETIKDISTICARETLTDSTI | 46443,화장품및화장용품도매업 | 46443 | vonagelaboratuvarkozmetikdisticaretltdsti,1,,,9021-2325-1115,,,2020-08-12,7365.838,False,sales_ready
buyer_candidate,한국무역보험공사_화장품 바이어 정보,한국무역보험공사_화장품 바이어 정보_20200812.csv,355,GRATISICVEDISTICARETAS,GRATISICVEDISTICARETAS,LEVENTMAH.YAPIKREDIPLAZACBLOKCOMERTSOK.1CKAT:5BESIKTAS3433034330ISTANBUL/TURKEY,리투아니아,LTU,47813.0,47813.0,"화장품,비누및방향제소매업 | 47813 | GRATISICVEDISTICARETAS | GRATISICVEDISTICARETAS | 47813",화장품 | 비누및방향제소매업 | 47813 | gratisicvedisticaretas,1,,info@gratis.com.tr,9021-2705-2600,www.gratis.com.tr,,2020-08-12,7365.838,False,sales_ready
buyer_candidate,한국무역보험공사_화장품 바이어 정보,한국무역보험공사_화장품 바이어 정보_20200812.csv,356,HOBIKOZMETIKIMALATSANAYIVETICARETAS,HOBIKOZMETIKIMALATSANAYIVETICARETAS,CEVIZLIMAH.TUGAYYOLUCAD.OFISIMISTANBULSITESIABLOKAPT.NO:20A/49-50-51MALTEPE34846ISTANBUL/TURKEY,리투아니아,LTU,20423.0,20423.0,화장품제조업 | 20423 | HOBIKOZMETIKIMALATSANAYIVETICARETAS | HOBIKOZMETIKIMALATSANAYIVETICARETAS | 20423,화장품제조업 | 20423 | hobikozmetikimalatsanayiveticaretas,1,,info@hobikozmetik.com,9021-6630-0030,www.hobikozmetik.com,,2020-08-12,7365.838,False,sales_ready
buyer_candidate,한국무역보험공사_화장품 바이어 정보,한국무역보험공사_화장품 바이어 정보_20200812.csv,357,DESIGNKIMSTEKSTILHYOUNGSEEKKIM,DESIGNKIMSTEKSTILHYOUNGSEEKKIM,HALILRIFATPASAMAH.HAVUZSOK.PERPATICARETMERKEZIABLOK5/1A/308SISLI34384ISTANBUL/TURKEY,리투아니아,LTU,46443.0,46443.0,화장품및화장용품도매업 | 46443 | DESIGNKIMSTEKSTILHYOUNGSEEKKIM | DESIGNKIMSTEKSTILHYOUNGSEEKKIM | 46443,화장품및화장용품도매업 | 46443 | designkimstekstilhyoungseekkim,1,,info@limonian.com,9021-2210-1047,www.limonian.com,,2020-08-12,7365.838,False,sales_ready
buyer_candidate,한국무역보험공사_화장품 바이어 정보,한국무역보험공사_화장품 바이어 정보_20200812.csv,358,STEINTERNATIONALCOSMETICSSERVICESSARL(ICS),STEINTERNATIONALCOSMETICSSERVICESSARLICS,"ZONEINDUSTRIELLEMGHIRAII,LOTN¡Æ107,RUEDESFAX,FOUCHANA,BENAROUS,POSTCODE:2082,TUNISIA",튀니지,TUN,20423.0,20423.0,화장품제조업 | 20423 | STEINTERNATIONALCOSMETICSSERVICESSARL(ICS) | STEINTERNATIONALCOSMETICSSERVICESSARL(ICS) | 20423,화장품제조업 | 20423 | steinternationalcosmeticsservicessarl(ics),1,,cat.nm@planet.tn,216-7940-8055,http://www.cartedafrique.com/i-c-s/,,2020-08-12,9513.838,False,sales_ready
buyer_candidate,한국무역보험공사_화장품 바이어 정보,한국무역보험공사_화장품 바이어 정보_20200812.csv,359,SOCIETEARGANIADISTRIBUTIONSARL,SOCIETEARGANIADISTRIBUTIONSARL,"Z.ICHARGUIAI,25,RUE8603,CHARGUIAI,TUNIS,POSTCODE:2035,TUNISIA",튀니지,TUN,46443.0,46443.0,화장품및화장용품도매업 | 46443 | SOCIETEARGANIADISTRIBUTIONSARL | SOCIETEARGANIADISTRIBUTIONSARL | 46443,화장품및화장용품도매업 | 46443 | societearganiadistributionsarl,1,,r.kilani@argania.com.tn,216-7177-2000,,,2020-08-12,9513.838,False,sales_ready
buyer_candidate,한국무역보험공사_화장품 바이어 정보,한국무역보험공사_화장품 바이어 정보_20200812.csv,360,DISTRIBUIDORAINFINITYSA,DISTRIBUIDORAINFINITY,"CALLE78ESTE,SANFRANCISCO,EDIFICIOPROMOTORADONLORENZO,PISO2CIUDADDEPANAMA",파나마,PAN,46443.0,46443.0,화장품및화장용품도매업 | 46443 | DISTRIBUIDORAINFINITYSA | DISTRIBUIDORAINFINITYSA | 46443,화장품및화장용품도매업 | 46443 | distribuidorainfinitysa,1,,gisellef@grupoinfinity.net,,www.grupoinfinity.net,,2020-08-12,14173.68,False,sales_ready
buyer_candidate,한국무역보험공사_화장품 바이어 정보,한국무역보험공사_화장품 바이어 정보_20200812.csv,54,HEALWELLPHARMACEUTICALSSDNBHD,HEALWELLPHARMACEUTICALSSDNBHD,"127B,JALANSS21/37,DAMANSARAUTAMA,47400PETALINGJAYA,SELANGOR,MALAYSIA.",말레이시아,MYS,46443.0,46443.0,화장품및화장용품도매업 | 46443 | HEALWELLPHARMACEUTICALSSDNBHD | HEALWELLPHARMACEUTICALSSDNBHD | 46443,화장품및화장용품도매업 | 46443 | healwellpharmaceuticalssdnbhd,1,,,35-569-5580,,,2020-08-12,4614.067,False,sales_ready
buyer_candidate,한국무역보험공사_화장품 바이어 정보,한국무역보험공사_화장품 바이어 정보_20200812.csv,55,WONDERLABRESOURCESMSDNBHD,WONDERLABRESOURCESMSDNBHD,"PS-2A,TAMANEVERGREEN,BATU4,JALANKELANGLAMA,58100KUALALUMPUR,WILAYAHPERSEKUTUAN,MALAYSIA.",말레이시아,MYS,46443.0,46443.0,화장품및화장용품도매업 | 46443 | WONDERLABRESOURCESMSDNBHD | WONDERLABRESOURCESMSDNBHD | 46443,화장품및화장용품도매업 | 46443 | wonderlabresourcesmsdnbhd,1,,info@www.ableandin.com,12-235-9177,WWW.ABLEANDIN.COM,,2020-08-12,4614.067,True,sales_ready
buyer_candidate,한국무역보험공사_화장품 바이어 정보,한국무역보험공사_화장품 바이어 정보_20200812.csv,56,ATLCOSMETICSSDNBHD,ATLCOSMETICSSDNBHD,"2-17-1,JALANJALILPERKASA13,AKEDESPLANAD,BUKITJALIL,57000KUALALUMPUR,WILAYAHPERSEKUTUAN,MALAYSIA.",말레이시아,MYS,46443.0,46443.0,화장품및화장용품도매업 | 46443 | ATLCOSMETICSSDNBHD | ATLCOSMETICSSDNBHD | 46443,화장품및화장용품도매업 | 46443 | atlcosmeticssdnbhd,1,,,36-201-0294,,,2020-08-12,4614.067,False,sales_ready
buyer_candidate,한국무역보험공사_화장품 바이어 정보,한국무역보험공사_화장품 바이어 정보_20200812.csv,57,HONGKONGSASAMSDNBHD,HONGKONGSASAMSDNBHD,"52,1STFLOOR,JALANSS21/58,DAMANSARAUTAMA,47400PETALINGJAYA,SELANGOR,MALAYSIA.",말레이시아,MYS,46443.0,46443.0,화장품및화장용품도매업 | 46443 | HONGKONGSASAMSDNBHD | HONGKONGSASAMSDNBHD | 46443,화장품및화장용품도매업 | 46443 | hongkongsasamsdnbhd,1,,,39-282-6877,,,2020-08-12,4614.067,False,sales_ready
buyer_candidate,한국무역보험공사_화장품 바이어 정보,한국무역보험공사_화장품 바이어 정보_20200812.csv,58,BEAUTEMORISDNBHD,BEAUTEMORISDNBHD,"105-07-08JALANGURDWARA,HEXAGONTECHPARK,10300GEORGETOWN,PULAUPINANG,MALAYSIA.",말레이시아,MYS,46443.0,46443.0,화장품및화장용품도매업 | 46443 | BEAUTEMORISDNBHD | BEAUTEMORISDNBHD | 46443,화장품및화장용품도매업 | 46443 | beautemorisdnbhd,1,,ADMIN@BEAUTEMORI.COM,4218-9776,WWW.BEAUTEMORI.COM,,2020-08-12,4614.067,False,sales_ready
buyer_candidate,한국무역보험공사_화장품 바이어 정보,한국무역보험공사_화장품 바이어 정보_20200812.csv,59,ASIANBEAUTYCORNERSDNBHD,ASIANBEAUTYCORNERSDNBHD,"D12,TINGKAT1,PLAZAPEKELILING,2,JALANTUNRAZAK,50400KUALALUMPUR,WILAYAHPERSEKUTUAN,MALAYSIA.",말레이시아,MYS,46443.0,46443.0,화장품및화장용품도매업 | 46443 | ASIANBEAUTYCORNERSDNBHD | ASIANBEAUTYCORNERSDNBHD | 46443,화장품및화장용품도매업 | 46443 | asianbeautycornersdnbhd,1,,,12-382-2939,,,2020-08-12,4614.067,False,sales_ready
buyer_candidate,한국무역보험공사_화장품 바이어 정보,한국무역보험공사_화장품 바이어 정보_20200812.csv,60,KIRAYENTERPRISESDNBHD,KIRAYENTERPRISESDNBHD,"ROOMB,3RD.FLOOR,,309-K,PERAKROAD,10150GEORGETOWN,PULAUPINANG,MALAYSIA.",말레이시아,MYS,46443.0,46443.0,화장품및화장용품도매업 | 46443 | KIRAYENTERPRISESDNBHD | KIRAYENTERPRISESDNBHD | 46443,화장품및화장용품도매업 | 46443 | kirayenterprisesdnbhd,1,,,17-407-8227,,,2020-08-12,4614.067,False,sales_ready
buyer_candidate,한국무역보험공사_화장품 바이어 정보,한국무역보험공사_화장품 바이어 정보_20200812.csv,61,BLUEAPPLECOSMETICSMSDNBHD,BLUEAPPLECOSMETICSMSDNBHD,"31B(B),JALANSJ17,TAMANSELAYANGJAYA,68100BATUCAVES,SELANGOR,MALAYSIA.",말레이시아,MYS,46443.0,46443.0,화장품및화장용품도매업 | 46443 | BLUEAPPLECOSMETICSMSDNBHD | BLUEAPPLECOSMETICSMSDNBHD | 46443,화장품및화장용품도매업 | 46443 | blueapplecosmeticsmsdnbhd,1,,INFO@MEIKOCOSMETICS.COM.MY,36-120-2272,WWW.MEIKOCOSMETICS.COM.MY,,2020-08-12,4614.067,False,sales_ready
buyer_candidate,한국무역보험공사_화장품 바이어 정보,한국무역보험공사_화장품 바이어 정보_20200812.csv,46,ANCHORINDUSTRIESLIMITED,ANCHORINDUSTRIES,"SABUHOUSE,SCOTTROADGINNERYCORNER,LIMBEMALAWI",말라위,MWI,20423.0,20423.0,화장품제조업 | 20423 | ANCHORINDUSTRIESLIMITED | ANCHORINDUSTRIESLIMITED | 20423,화장품제조업 | 20423 | anchorindustrieslimited,1,,tkidy@noorgrp.co.mw,26-5187-0125,www.anchormw.wordpress.com,,2020-08-12,11233.9,False,sales_ready
buyer_candidate,한국무역보험공사_화장품 바이어 정보,한국무역보험공사_화장품 바이어 정보_20200812.csv,47,ESHANIPRODUCTSLIMITED,ESHANIPRODUCTS,"ST.PLOTBE222/285,SCOTTROADGINNERYCORNER,CHICHIRIBLANTYREMALAWI",말라위,MWI,20423.0,20423.0,화장품제조업 | 20423 | ESHANIPRODUCTSLIMITED | ESHANIPRODUCTSLIMITED | 20423,화장품제조업 | 20423 | eshaniproductslimited,1,,eshani@globemw.net,26-5187-7802,,,2020-08-12,11233.9,False,sales_ready
buyer_candidate,한국무역보험공사_화장품 바이어 정보,한국무역보험공사_화장품 바이어 정보_20200812.csv,48,DIMENSIEKSKLUSIFMSDNBHD,DIMENSIEKSKLUSIFMSDNBHD,"149A,JALANAMINUDDINBAKI,TAMANTUNDR.ISMAIL,60000KUALALUMPUR,WILAYAHPERSEKUTUAN,MALAYSIA.",말레이시아,MYS,46443.0,46443.0,화장품및화장용품도매업 | 46443 | DIMENSIEKSKLUSIFMSDNBHD | DIMENSIEKSKLUSIFMSDNBHD | 46443,화장품및화장용품도매업 | 46443 | dimensieksklusifmsdnbhd,1,,info@www.dimensi.com.my,37-727-7399,WWW.DIMENSI.COM.MY,,2020-08-12,4614.067,True,sales_ready
buyer_candidate,한국무역보험공사_화장품 바이어 정보,한국무역보험공사_화장품 바이어 정보_20200812.csv,49,FIDESTRADESDNBHD,FIDESTRADESDNBHD,"2-37,PV128,128,JALANGENTINGKLANG,53300KUALALUMPUR,WILAYAHPERSEKUTUAN,MALAYSIA.",말레이시아,MYS,46443.0,46443.0,화장품및화장용품도매업 | 46443 | FIDESTRADESDNBHD | FIDESTRADESDNBHD | 46443,화장품및화장용품도매업 | 46443 | fidestradesdnbhd,1,,,36-411-9330,,,2020-08-12,4614.067,False,sales_ready
buyer_candidate,한국무역보험공사_화장품 바이어 정보,한국무역보험공사_화장품 바이어 정보_20200812.csv,50,COLOURSANDFRAGRANCESSDNBHD,COLOURSANDFRAGRANCESSDNBHD,"28LORONGTAPAH,OFFJALANGOHHOCKHUAT,KLANG,SELANGOR,41400KLANG,SELANGOR,MALAYSIA.",말레이시아,MYS,46443.0,46443.0,화장품및화장용품도매업 | 46443 | COLOURSANDFRAGRANCESSDNBHD | COLOURSANDFRAGRANCESSDNBHD | 46443,화장품및화장용품도매업 | 46443 | coloursandfragrancessdnbhd,1,,,36-140-6326,,,2020-08-12,4614.067,False,sales_ready
buyer_candidate,한국무역보험공사_화장품 바이어 정보,한국무역보험공사_화장품 바이어 정보_20200812.csv,51,NEXUSKYSDNBHD,NEXUSKYSDNBHD,"3A32,LEVEL4(LIFT7),BLOCKA,DAMANSARAINTAN,1,JALANSS20/27,47400PETALINGJAYA,SELANGOR,MALAYSIA.",말레이시아,MYS,46443.0,46443.0,화장품및화장용품도매업 | 46443 | NEXUSKYSDNBHD | NEXUSKYSDNBHD | 46443,화장품및화장용품도매업 | 46443 | nexuskysdnbhd,1,,,37-886-8571,,,2020-08-12,4614.067,False,sales_ready
buyer_candidate,한국무역보험공사_화장품 바이어 정보,한국무역보험공사_화장품 바이어 정보_20200812.csv,52,GOLDENCORNERSDNBHD,GOLDENCORNERSDNBHD,"293B,JALANTELUKGADONGBESAR1/KS1,41200KLANG,SELANGOR,MALAYSIA.",말레이시아,MYS,46443.0,46443.0,화장품및화장용품도매업 | 46443 | GOLDENCORNERSDNBHD | GOLDENCORNERSDNBHD | 46443,화장품및화장용품도매업 | 46443 | goldencornersdnbhd,1,,INFO@GOLDENCORNER.COM.MY,33-319-0788,WWW.GOLDENCORNER.COM.MY,,2020-08-12,4614.067,False,sales_ready
buyer_candidate,한국무역보험공사_화장품 바이어 정보,한국무역보험공사_화장품 바이어 정보_20200812.csv,53,POLYGONTRADERSSDNBHD,POLYGONTRADERSSDNBHD,"7B-G-3A,PALMCOURT2,JALANSERITANJUNGPINANG,10470PULAUPINANG,PULAUPINANG,MALAYSIA.",말레이시아,MYS,20423.0,20423.0,화장품제조업 | 20423 | POLYGONTRADERSSDNBHD | POLYGONTRADERSSDNBHD | 20423,화장품제조업 | 20423 | polygontraderssdnbhd,1,,,12-483-3285,,,2020-08-12,4614.067,False,sales_ready
buyer_candidate,한국무역보험공사_화장품 바이어 정보,한국무역보험공사_화장품 바이어 정보_20200812.csv,38,TABERTRADELLC,TABERTRADE,"LENINSKAYASLOBODASTREET19,KOMN21V,MOSCOW,MOSCOWREGION,115280,RUSSIANFEDERATION",러시아연방,RUS,47813.0,47813.0,"화장품,비누및방향제소매업 | 47813 | TABERTRADELLC | TABERTRADELLC | 47813",화장품 | 비누및방향제소매업 | 47813 | tabertradellc,1,,info@podrygka.ru,749-5380-2828,www.podrygka.ru,,2020-08-12,6614.064,False,sales_ready
buyer_candidate,한국무역보험공사_화장품 바이어 정보,한국무역보험공사_화장품 바이어 정보_20200812.csv,39,GANDLGROUPLLC,GANDLGROUP,"PETUHOVASTREET,69,FLOOR3,OFFICE324,NOVOSIBIRSK,NOVOSIBIRSKREGION,RUSSIANFEDERATION",러시아연방,RUS,46443.0,46443.0,화장품및화장용품도매업 | 46443 | GANDLGROUPLLC | GANDLGROUPLLC | 46443,화장품및화장용품도매업 | 46443 | gandlgroupllc,1,,glgroup.cos@gmail.com,738-3292-1217,https://g-l.group/,,2020-08-12,6614.064,False,sales_ready
buyer_candidate,한국무역보험공사_화장품 바이어 정보,한국무역보험공사_화장품 바이어 정보_20200812.csv,40,MBGBEAUTYLLC,MBGBEAUTY,"NOVIYARBATSTREET36,MOSCOW,MOSCOWREGION,121099,RUSSIANFEDERATION",러시아연방,RUS,46443.0,46443.0,화장품및화장용품도매업 | 46443 | MBGBEAUTYLLC | MBGBEAUTYLLC | 46443,화장품및화장용품도매업 | 46443 | mbgbeautyllc,1,,info@ubeautybutik.ru,749-5989-8485,http://ubeautybutik.ru/,,2020-08-12,6614.064,False,sales_ready
buyer_candidate,한국무역보험공사_화장품 바이어 정보,한국무역보험공사_화장품 바이어 정보_20200812.csv,41,BEAUTYFORCELLC,BEAUTYFORCE,"PAVLOVSKAYASTREET27,BLDG.4,FLOOR1,ROOM13,MOSCOW,MOSCOWREGION,115093,RUSSIANFEDERATION",러시아연방,RUS,46443.0,46443.0,화장품및화장용품도매업 | 46443 | BEAUTYFORCELLC | BEAUTYFORCELLC | 46443,화장품및화장용품도매업 | 46443 | beautyforcellc,1,,kim@beforce.ru,791-6234-5584,www.beforce.ru,,2020-08-12,6614.064,False,sales_ready
buyer_candidate,한국무역보험공사_화장품 바이어 정보,한국무역보험공사_화장품 바이어 정보_20200812.csv,42,NTSGRADIENTLTD(OOONTSGRADIENT),NTSGRADIENTLTDOOONTSGRADIENT,"BORISAGALUSHKINASTREET14,CORP.1,MOSCOW,MOSCOWREGION,129301,RUSSIANFEDERATION",러시아연방,RUS,20423.0,20423.0,화장품제조업 | 20423 | NTSGRADIENTLTD(OOONTSGRADIENT) | NTSGRADIENTLTD(OOONTSGRADIENT) | 20423,화장품제조업 | 20423 | ntsgradientltd(ooontsgradient),1,,info@gradient.ru,749-5933-6000,www.gradient.ru,,2020-08-12,6614.064,False,sales_ready
buyer_candidate,한국무역보험공사_화장품 바이어 정보,한국무역보험공사_화장품 바이어 정보_20200812.csv,43,COSMALINESAL,COSMALINESAL,"SARRAFBUILDING,OFF-HIGHWAY,WATA,AMARETCHALHOUB,METN,LEBANON",레바논,LBN,20423.0,20423.0,화장품제조업 | 20423 | COSMALINESAL | COSMALINESAL | 20423,화장품제조업 | 20423 | cosmalinesal,1,,procurement.cosmaline@maliagroup.com,96-1190-0100,www.cosmaline.com,,2020-08-12,7926.322,False,sales_ready
buyer_candidate,한국무역보험공사_화장품 바이어 정보,한국무역보험공사_화장품 바이어 정보_20200812.csv,44,SONYAMODJOINTSTOCKCOMPANY,SONYAMODJOINTSTOCK,"OLARI43,FLOORIII,BUCHAREST,DISTRICT2,024056,ROMANIA",루마니아,ROU,47813.0,47813.0,"화장품,비누및방향제소매업 | 47813 | SONYAMODJOINTSTOCKCOMPANY | SONYAMODJOINTSTOCKCOMPANY | 47813",화장품 | 비누및방향제소매업 | 47813 | sonyamodjointstockcompany,1,,office@sonyamod.com,402-1311-2105,www.sonyamod.com,,2020-08-12,,False,sales_ready
buyer_candidate,한국무역보험공사_화장품 바이어 정보,한국무역보험공사_화장품 바이어 정보_20200812.csv,45,JSCKOSMELITA,JSCKOSMELITA,"TAIKOSPR.100,KAUNAS,KAUNASREGION,KAUNASCITYMUNICIPALITY,51194,LITHUANIA",리투아니아,LTU,47813.0,47813.0,"화장품,비누및방향제소매업 | 47813 | JSCKOSMELITA | JSCKOSMELITA | 47813",화장품 | 비누및방향제소매업 | 47813 | jsckosmelita,1,,info@kosmelita.lt,370-3743-2139,www.eurokos.lt,,2020-08-12,7365.838,False,sales_ready
buyer_candidate,한국무역보험공사_화장품 바이어 정보,한국무역보험공사_화장품 바이어 정보_20200812.csv,385,OCEANMEDICALGROUPLIMITED,OCEANMEDICALGROUP,"RMB10/FCHINAFENHINBLDG,5CHEUNGYUESTCHEUNGSHAWAN,KOWLOONHONGKONG",홍콩,HKG,46443.0,46443.0,화장품및화장용품도매업 | 46443 | OCEANMEDICALGROUPLIMITED | OCEANMEDICALGROUPLIMITED | 46443,화장품및화장용품도매업 | 46443 | oceanmedicalgrouplimited,1,,carrie_fong@ymail.com,852-3583-2797,,,2020-08-12,2095.843,False,sales_ready
buyer_candidate,한국무역보험공사_화장품 바이어 정보,한국무역보험공사_화장품 바이어 정보_20200812.csv,386,BEAUTYCONCEPTASIATRADINGCOLIMITED,BEAUTYCONCEPTASIATRADINGCO,"RM170317/FMETROPLAZATWR2,223HINGFONGRDKWAICHUNG,NEWTERRITORIESHONGKONG",홍콩,HKG,46443.0,46443.0,화장품및화장용품도매업 | 46443 | BEAUTYCONCEPTASIATRADINGCOLIMITED | BEAUTYCONCEPTASIATRADINGCOLIMITED | 46443,화장품및화장용품도매업 | 46443 | beautyconceptasiatradingcolimited,1,,,852-2422-7323,,,2020-08-12,2095.843,False,sales_ready
buyer_candidate,한국무역보험공사_화장품 바이어 정보,한국무역보험공사_화장품 바이어 정보_20200812.csv,32,EVYAPRUSLLC,EVYAPRUS,"SHABOLOVKASTREET31GBCSHABOLOVKA,MOSCOW,MOSCOWREGION,115162,RUSSIANFEDERATION",러시아연방,RUS,46443.0,46443.0,화장품및화장용품도매업 | 46443 | EVYAPRUSLLC | EVYAPRUSLLC | 46443,화장품및화장용품도매업 | 46443 | evyaprusllc,1,,LKruglova@evyap.ru,749-5967-6763,http://www.evyap.ru,,2020-08-12,6614.064,False,sales_ready
buyer_candidate,한국무역보험공사_화장품 바이어 정보,한국무역보험공사_화장품 바이어 정보_20200812.csv,33,INVESTMENTCOMPANYGAGROUPLLC(ICGAGROUPLLC/IKDZHIEYGRUPPOOO),INVESTMENTCOMPANYGAGROUPLLCICGAGROUPLLCIKDZHIEYGRUPPOOO,"SAKKOIVANTSETTISTREET,62,OFFICE703,EKATERINBURG,SVERDLOVSKREGION,620014,RUSSIANFEDERATION",러시아연방,RUS,46443.0,46443.0,화장품및화장용품도매업 | 46443 | INVESTMENTCOMPANYGAGROUPLLC(ICGAGROUPLLC/IKDZHIEYGRUPPOOO) | INVESTMENTCOMPANYGAGROUPLLC(ICGAGROUPLLC/IKDZHIEYGRUPPOOO) | 46443,화장품및화장용품도매업 | 46443 | investmentcompanygagroupllc(icgagroupllc | ikdzhieygruppooo),1,,zaostrovnyh@goldapple.ru,791-2600-3992,www.goldapple.ru,,2020-08-12,6614.064,False,sales_ready
buyer_candidate,한국무역보험공사_화장품 바이어 정보,한국무역보험공사_화장품 바이어 정보_20200812.csv,34,INTERСHARMLLC,INTERСHARM,"HOLODILNIYLANE3,CORP.1,BUILDING2,PREM.II,OFFICE28,MOSCOW,MOSCOWREGION,115191,RUSSIANFEDERATION",러시아연방,RUS,47813.0,47813.0,"화장품,비누및방향제소매업 | 47813 | INTERСHARMLLC | INTERСHARMLLC | 47813",화장품 | 비누및방향제소매업 | 47813 | interсharmllc,1,,info@asiakiss.ru,749-5970-9787,http://www.asiakiss.ru/,,2020-08-12,6614.064,False,sales_ready
buyer_candidate,한국무역보험공사_화장품 바이어 정보,한국무역보험공사_화장품 바이어 정보_20200812.csv,35,NEVALINELTD,NEVALINE,"OBVODNOGOKANALAEMBANKMENT118A,LIT..E,PREMISES51,52,ST.-PETERSBURG,LENINGRADREGION,198005,RUSSIANFEDERATION",러시아연방,RUS,46443.0,46443.0,화장품및화장용품도매업 | 46443 | NEVALINELTD | NEVALINELTD | 46443,화장품및화장용품도매업 | 46443 | nevalineltd,1,,nikolaeva_a@parfum.spb.ru,781-2332-3555,www.psgrp.ru,,2020-08-12,6614.064,False,sales_ready
buyer_candidate,한국무역보험공사_화장품 바이어 정보,한국무역보험공사_화장품 바이어 정보_20200812.csv,36,KOSMERALLC,KOSMERA,"VAVILOVASTREET17,FLOOR1,ROOMB2,OFFICE8,MOSCOW,MOSCOWREGION,117312,,RUSSIANFEDERATION",러시아연방,RUS,46443.0,46443.0,화장품및화장용품도매업 | 46443 | KOSMERALLC | KOSMERALLC | 46443,화장품및화장용품도매업 | 46443 | kosmerallc,1,,info@kosmera.com,749-5240-5133,,,2020-08-12,6614.064,False,sales_ready
buyer_candidate,한국무역보험공사_화장품 바이어 정보,한국무역보험공사_화장품 바이어 정보_20200812.csv,37,ASIAPACIFICGLOBALLLC,ASIAPACIFICGLOBAL,"ALEUTSKAYASTREET45A,OFFICE819,VLADIVOSTOK,PRIMORSKYKRAY,690090,RUSSIANFEDERATION",러시아연방,RUS,46443.0,46443.0,화장품및화장용품도매업 | 46443 | ASIAPACIFICGLOBALLLC | ASIAPACIFICGLOBALLLC | 46443,화장품및화장용품도매업 | 46443 | asiapacificgloballlc,1,,asiapacificglobalvl@gmail.com,,https://idenel.ru,,2020-08-12,6614.064,False,sales_ready
buyer_candidate,한국무역보험공사_화장품 바이어 정보,한국무역보험공사_화장품 바이어 정보_20200812.csv,27,EUROCOSMETICSLLC,EUROCOSMETICS,"GALERNAYASTREET,10,LITERA,PREM.1-N(PART)No57,ST.-PETERSBURG,LENINGRADREGION,190000,RUSSIANFEDERATION",러시아연방,RUS,46443.0,46443.0,화장품및화장용품도매업 | 46443 | EUROCOSMETICSLLC | EUROCOSMETICSLLC | 46443,화장품및화장용품도매업 | 46443 | eurocosmeticsllc,1,,denis.mgpuk@gmail.com,781-2645-9041,,,2020-08-12,6614.064,False,sales_ready
buyer_candidate,한국무역보험공사_화장품 바이어 정보,한국무역보험공사_화장품 바이어 정보_20200812.csv,28,SAGRUPPLLC,SAGRUPP,"MIRAAVE.,102,BUILDING34,ROOMS2,3,MOSCOW,MOSCOWREGION,129626,RUSSIANFEDERATION",러시아연방,RUS,46443.0,46443.0,화장품및화장용품도매업 | 46443 | SAGRUPPLLC | SAGRUPPLLC | 46443,화장품및화장용품도매업 | 46443 | sagruppllc,1,,info@promedtec.net,749-5120-3143,http://promedtec.ru/,,2020-08-12,6614.064,False,sales_ready
buyer_candidate,한국무역보험공사_화장품 바이어 정보,한국무역보험공사_화장품 바이어 정보_20200812.csv,29,KORNETSKIYMAKSIMSERGEEVICHLLC,KORNETSKIYMAKSIMSERGEEVICH,"ROSTOV-ON-DONTOWN,ROSTOVREGION,RUSSIANFEDERATION",러시아연방,RUS,20423.0,20423.0,화장품제조업 | 20423 | KORNETSKIYMAKSIMSERGEEVICHLLC | KORNETSKIYMAKSIMSERGEEVICHLLC | 20423,화장품제조업 | 20423 | kornetskiymaksimsergeevichllc,1,,zakaz@emi-school.ru,790-0126-6876,https://emi-shop.ru/,,2020-08-12,6614.064,False,sales_ready
buyer_candidate,한국무역보험공사_화장품 바이어 정보,한국무역보험공사_화장품 바이어 정보_20200812.csv,68,SOFINALIALTD,SOFINALIA,"SEC.BOTANICA,TRAIANSTREET22,CHISINAU,MD-2060,MOLDOVA",몰다비아,MDA,47813.0,47813.0,"화장품,비누및방향제소매업 | 47813 | SOFINALIALTD | SOFINALIALTD | 47813",화장품 | 비누및방향제소매업 | 47813 | sofinalialtd,1,,sofinalia@gmail.com,373-2283-0444,www.cosmeticshop.md,,2020-08-12,7611.25,False,sales_ready
buyer_candidate,한국무역보험공사_화장품 바이어 정보,한국무역보험공사_화장품 바이어 정보_20200812.csv,2,INTERNATIONALFLAVORSANDFRAGRANCESIFFSOUTHAFRICAPTYLTD,INTERNATIONALFLAVORSANDFRAGRANCESIFFSOUTHAFRICAPTY,"34DIESELRD,ISANDO1600",안도라,AND,20423.0,20423.0,화장품제조업 | 20423 | INTERNATIONALFLAVORSANDFRAGRANCESIFFSOUTHAFRICAPTYLTD | INTERNATIONALFLAVORSANDFRAGRANCESIFFSOUTHAFRICAPTYLTD | 20423,화장품제조업 | 20423 | internationalflavorsandfragrancesiffsouthafricaptyltd,1,,accpayza@iff.com,271-1922-8800,http://www.iff.com,,2020-08-12,9559.896,False,sales_ready
buyer_candidate,한국무역보험공사_화장품 바이어 정보,한국무역보험공사_화장품 바이어 정보_20200812.csv,3,PERMARKSUPPLYNETWORKPTYLTD,PERMARKSUPPLYNETWORKPTY,"50ANGUSCRES,MODDERFONTEINEDENVALE1609","50ANGUSCRES,MODDERFONTEINEDENVALE1609",,47813.0,47813.0,"화장품,비누및방향제소매업 | 47813 | PERMARKSUPPLYNETWORKPTYLTD | PERMARKSUPPLYNETWORKPTYLTD | 47813",화장품 | 비누및방향제소매업 | 47813 | permarksupplynetworkptyltd,1,,abel.b@permark.co.za,271-1579-0000,,,2020-08-12,,False,sales_ready
buyer_candidate,한국무역보험공사_화장품 바이어 정보,한국무역보험공사_화장품 바이어 정보_20200812.csv,4,PROACTIVESAPTYLTD,PROACTIVESAPTY,301STAVENUEEDENVALEEDENVALE1609ZA,베네수엘라,VEN,46443.0,46443.0,화장품및화장용품도매업 | 46443 | PROACTIVESAPTYLTD | PROACTIVESAPTYLTD | 46443,화장품및화장용품도매업 | 46443 | proactivesaptyltd,1,,orders@proactivesa.co.za,271-1454-5020,http://www.proactivesa.co.za,,2020-08-12,14488.19,False,sales_ready
buyer_candidate,한국무역보험공사_화장품 바이어 정보,한국무역보험공사_화장품 바이어 정보_20200812.csv,5,NORCOSMETICSAS,NORCOSMETIC,"ASLAKVEIEN14E,0753,OSLO","ASLAKVEIEN14E,0753,OSLO",,46443.0,46443.0,화장품및화장용품도매업 | 46443 | NORCOSMETICSAS | NORCOSMETICSAS | 46443,화장품및화장용품도매업 | 46443 | norcosmeticsas,1,,,47-4145-2727,,,2020-08-12,,False,sales_ready
buyer_candidate,한국무역보험공사_화장품 바이어 정보,한국무역보험공사_화장품 바이어 정보_20200812.csv,19,MORYSKINGMBH,MORYSKIN,LISE-MEITNER-WEG34D30855LANGENHAGEN,니제르,NER,46443.0,46443.0,화장품및화장용품도매업 | 46443 | MORYSKINGMBH | MORYSKINGMBH | 46443,화장품및화장용품도매업 | 46443 | moryskingmbh,1,,support@moryskin.com,511-1228-5904,www.moryskin.com,,2020-08-12,11953.51,False,sales_ready
buyer_candidate,한국무역보험공사_화장품 바이어 정보,한국무역보험공사_화장품 바이어 정보_20200812.csv,20,ONEWAVEGMBH,ONEWAVE,SIMSONSTR.14D60385FRANKFURT,프랑스,FRA,46443.0,46443.0,화장품및화장용품도매업 | 46443 | ONEWAVEGMBH | ONEWAVEGMBH | 46443,화장품및화장용품도매업 | 46443 | onewavegmbh,1,,hello@onewave.de,69-9564-4900,www.whamisa.de,,2020-08-12,8981.467,False,sales_ready
buyer_candidate,한국무역보험공사_화장품 바이어 정보,한국무역보험공사_화장품 바이어 정보_20200812.csv,21,BEAUTYLABGMBH,BEAUTYLAB,WEIBENSEESTR.101D81539MUNCHEN,베냉,BEN,20423.0,20423.0,화장품제조업 | 20423 | BEAUTYLABGMBH | BEAUTYLABGMBH | 20423,화장품제조업 | 20423 | beautylabgmbh,1,,info@ikoo-brush.com,899-5457-1931,www.ikoo-brush.com,,2020-08-12,12492.37,False,sales_ready
buyer_candidate,한국무역보험공사_화장품 바이어 정보,한국무역보험공사_화장품 바이어 정보_20200812.csv,69,AJILABEAUTYLLC,AJILABEAUTY,"GRANDPLAZACENTER1STFLOOR1-1,BAYANGOLDISTRICT1NDKHOROO,ULAANBAATAR-16051,MONGOLIA",몽골,MNG,46443.0,46443.0,화장품및화장용품도매업 | 46443 | AJILABEAUTYLLC | AJILABEAUTYLLC | 46443,화장품및화장용품도매업 | 46443 | ajilabeautyllc,1,,info@ajila.mn,976-9911-3707,www.ajila.mn(notworking),,2020-08-12,2003.103,False,sales_ready
buyer_candidate,한국무역보험공사_화장품 바이어 정보,한국무역보험공사_화장품 바이어 정보_20200812.csv,23,HEMAGROUPLTD,HEMAGROUP,"DAUGAVASIELA2-79,SALASPILSPAG.,SALASNOVADS,LV-2121,LATVIA",라트비아,LVA,46443.0,46443.0,화장품및화장용품도매업 | 46443 | HEMAGROUPLTD | HEMAGROUPLTD | 46443,화장품및화장용품도매업 | 46443 | hemagroupltd,1,,info@yvon.lv,371-2925-1729,www.yvon.lv,,2020-08-12,7297.289,False,sales_ready
buyer_candidate,한국무역보험공사_화장품 바이어 정보,한국무역보험공사_화장품 바이어 정보_20200812.csv,24,KOREATRADELLC,KOREATRADE,"KSHIRSKOEROAD,3,CORP.2,BUILDING2,FLOOR2,POM.NO.2,MOSCOW,MOSCOWREGION,115230,RUSSIANFEDERATION",러시아연방,RUS,46443.0,46443.0,화장품및화장용품도매업 | 46443 | KOREATRADELLC | KOREATRADELLC | 46443,화장품및화장용품도매업 | 46443 | koreatradellc,1,,info@koreatrade.ru,749-5645-7929,https://koreatrade.ru,,2020-08-12,6614.064,False,sales_ready
buyer_candidate,한국무역보험공사_화장품 바이어 정보,한국무역보험공사_화장품 바이어 정보_20200812.csv,25,KURSGROUPDISTRIBUTIONLTD,KURSGROUPDISTRIBUTION,"RYAZANOVSKOESETTLEMENT,ZNAMYAOKTYABRYAVILLAGE,51,CORP.5,OFFICE121,MOSCOW,MOSCOWREGION,142134,RUSSIANFEDERATION",러시아연방,RUS,46443.0,46443.0,화장품및화장용품도매업 | 46443 | KURSGROUPDISTRIBUTIONLTD | KURSGROUPDISTRIBUTIONLTD | 46443,화장품및화장용품도매업 | 46443 | kursgroupdistributionltd,1,,press@alkor.co.ru,749-5937-1231,www.letoile.ru,,2020-08-12,6614.064,False,sales_ready
buyer_candidate,한국무역보험공사_화장품 바이어 정보,한국무역보험공사_화장품 바이어 정보_20200812.csv,26,KSMARTLLC,KSMART,"PUSHKINSKAYASTREET40,OFFICE609,VLADIVOSTOK,PRIMORSKYKRAY,690001,RUSSIANFEDERATION",러시아연방,RUS,46443.0,46443.0,화장품및화장용품도매업 | 46443 | KSMARTLLC | KSMARTLLC | 46443,화장품및화장용품도매업 | 46443 | ksmartllc,1,,stepanova@ksmart-opt.ru,791-4679-8044,http://www.ksmart-opt.ru/,,2020-08-12,6614.064,False,sales_ready
buyer_candidate,한국무역보험공사_화장품 바이어 정보,한국무역보험공사_화장품 바이어 정보_20200812.csv,103,TINOHINTERNATIONALLLC,TINOHINTERNATIONAL,"434B6THSTREET,PALISADESPARK,NJ07650",스페인,ESP,46443.0,46443.0,화장품및화장용품도매업 | 46443 | TINOHINTERNATIONALLLC | TINOHINTERNATIONALLLC | 46443,화장품및화장용품도매업 | 46443 | tinohinternationalllc,1,,sunoh57@yahoo.com,64-6327-7048,www.christineohsemiperm.com,,2020-08-12,10012.64,False,sales_ready
buyer_candidate,한국무역보험공사_화장품 바이어 정보,한국무역보험공사_화장품 바이어 정보_20200812.csv,12,GRUPOLEDUSRL,GRUPOLEDU,"CAMINOCHIQUITONO.35,AHOYOHONDOSANTODOMINGODOMINICANREPUBLIC",도미니카공화국,DOM,46443.0,46443.0,화장품및화장용품도매업 | 46443 | GRUPOLEDUSRL | GRUPOLEDUSRL | 46443,화장품및화장용품도매업 | 46443 | grupoledusrl,1,,ventas@grupoledu.com,180-9536,www.grupoledu.com,,2020-08-12,13557.66,False,sales_ready
buyer_candidate,한국무역보험공사_화장품 바이어 정보,한국무역보험공사_화장품 바이어 정보_20200812.csv,13,KOMAWOGMBH,KOMAWO,SCHOPENHAUERSTR.71D80807MUNCHEN,스위스,CHE,47813.0,47813.0,"화장품,비누및방향제소매업 | 47813 | KOMAWOGMBH | KOMAWOGMBH | 47813",화장품 | 비누및방향제소매업 | 47813 | komawogmbh,1,,info@komawo.de,89-8776-8547,www.komawo.de,,2020-08-12,8878.165,False,sales_ready
buyer_candidate,한국무역보험공사_화장품 바이어 정보,한국무역보험공사_화장품 바이어 정보_20200812.csv,14,PTNHEALTHCAREGMBH,PTNHEALTHCARE,AMKRONBERGERHANG2D65824SCHWALBACH,알바니아,ALB,20423.0,20423.0,화장품제조업 | 20423 | PTNHEALTHCAREGMBH | PTNHEALTHCAREGMBH | 20423,화장품제조업 | 20423 | ptnhealthcaregmbh,1,,info@ptn-global.com,619-6953-4200,,,2020-08-12,8562.792,False,sales_ready
buyer_candidate,한국무역보험공사_화장품 바이어 정보,한국무역보험공사_화장품 바이어 정보_20200812.csv,15,NEOMESOANTIAGINGSOLUTIONSGMBH,NEOMESOANTIAGINGSOLUTIONS,WIELANDSTR.36D10629BERLIN,안도라,AND,46443.0,46443.0,화장품및화장용품도매업 | 46443 | NEOMESOANTIAGINGSOLUTIONSGMBH | NEOMESOANTIAGINGSOLUTIONSGMBH | 46443,화장품및화장용품도매업 | 46443 | neomesoantiagingsolutionsgmbh,1,,info@neomeso.de,30-6792-3344,www.neomeso.de,,2020-08-12,9559.896,False,sales_ready
buyer_candidate,한국무역보험공사_화장품 바이어 정보,한국무역보험공사_화장품 바이어 정보_20200812.csv,16,STERNTEKGMBH,STERNTEK,GOTENSTR.13D20097HAMBURG,GOTENSTR.13D20097HAMBURG,,20423.0,20423.0,화장품제조업 | 20423 | STERNTEKGMBH | STERNTEKGMBH | 20423,화장품제조업 | 20423 | sterntekgmbh,1,,contact@stern-tek.com,17-2705-5929,www.stern-tek.de,,2020-08-12,,False,sales_ready
buyer_candidate,한국무역보험공사_화장품 바이어 정보,한국무역보험공사_화장품 바이어 정보_20200812.csv,17,ALLIANCEHEALTHCAREDEUTSCHLANDAG,ALLIANCEHEALTHCAREDEUTSCHLAND,SOLMSSTR.73D60486FRANKFURT,프랑스,FRA,20423.0,20423.0,화장품제조업 | 20423 | ALLIANCEHEALTHCAREDEUTSCHLANDAG | ALLIANCEHEALTHCAREDEUTSCHLANDAG | 20423,화장품제조업 | 20423 | alliancehealthcaredeutschlandag,1,,service@alliance-healthcare.de,69-7920-3503,www.alliance-healthcare.de,,2020-08-12,8981.467,False,sales_ready
buyer_candidate,한국무역보험공사_화장품 바이어 정보,한국무역보험공사_화장품 바이어 정보_20200812.csv,18,ISOLUTIONSGMBH,ISOLUTIONS,MANNHEIMERSTR.7D80803MUNCHEN,스위스,CHE,20423.0,20423.0,화장품제조업 | 20423 | ISOLUTIONSGMBH | ISOLUTIONSGMBH | 20423,화장품제조업 | 20423 | isolutionsgmbh,1,,info@shave-lab.com,899-5457-1930,www.shave-lab.com,,2020-08-12,8878.165,False,sales_ready
buyer_candidate,한국무역보험공사_화장품 바이어 정보,한국무역보험공사_화장품 바이어 정보_20200812.csv,62,NETWORKCHEMICALSINDUSTRIESSDNBHD,NETWORKCHEMICALSINDUSTRIESSDNBHD,"19-1B,JALANPRIMA7,PUSATNIAGAMETROPRIMA,KEPONG,52100KUALALUMPUR,WILAYAHPERSEKUTUAN,MALAYSIA.",말레이시아,MYS,46443.0,46443.0,화장품및화장용품도매업 | 46443 | NETWORKCHEMICALSINDUSTRIESSDNBHD | NETWORKCHEMICALSINDUSTRIESSDNBHD | 46443,화장품및화장용품도매업 | 46443 | networkchemicalsindustriessdnbhd,1,,,36-092-3863,,,2020-08-12,4614.067,False,sales_ready
buyer_candidate,한국무역보험공사_화장품 바이어 정보,한국무역보험공사_화장품 바이어 정보_20200812.csv,63,ECOUPSSDNBHD,ECOUPSSDNBHD,"L8-02,8THFLOOR,BREMMALL,OFFJALANKEPONG,52000KUALALUMPUR,WILAYAHPERSEKUTUAN,MALAYSIA.",말레이시아,MYS,46443.0,46443.0,화장품및화장용품도매업 | 46443 | ECOUPSSDNBHD | ECOUPSSDNBHD | 46443,화장품및화장용품도매업 | 46443 | ecoupssdnbhd,1,,,11-1124-4906,,,2020-08-12,4614.067,False,sales_ready
buyer_candidate,한국무역보험공사_화장품 바이어 정보,한국무역보험공사_화장품 바이어 정보_20200812.csv,70,YESSALESINC,YESSALES,"6009SANTAFEAVE.HUNTINGTONPARK,CA90255",네덜란드령 안틸레스,ANT,46443.0,46443.0,화장품및화장용품도매업 | 46443 | YESSALESINC | YESSALESINC | 46443,화장품및화장용품도매업 | 46443 | yessalesinc,1,,sungkim@upparelusa.com,32-3988-3838,www.upparelusa.com,,2020-08-12,14267.82,False,sales_ready
buyer_candidate,한국무역보험공사_화장품 바이어 정보,한국무역보험공사_화장품 바이어 정보_20200812.csv,98,REVLONINC,REVLON,1NEWYORKPLZNEWYORKNY10004,1NEWYORKPLZNEWYORKNY10004,,20423.0,20423.0,화장품제조업 | 20423 | REVLONINC | REVLONINC | 20423,화장품제조업 | 20423 | revloninc,1,,,21-2527-4000,,,2020-08-12,,False,sales_ready
buyer_candidate,한국무역보험공사_화장품 바이어 정보,한국무역보험공사_화장품 바이어 정보_20200812.csv,99,BOBINTERNATIONALCORP,BOBINTERNATIONAL,"200GATESRDUNITDLITTLEFERRY,NJ07643","200GATESRDUNITDLITTLEFERRY,NJ07643",,46443.0,46443.0,화장품및화장용품도매업 | 46443 | BOBINTERNATIONALCORP | BOBINTERNATIONALCORP | 46443,화장품및화장용품도매업 | 46443 | bobinternationalcorp,1,,info@bob-usa.com,20-1641-0550,www.bob-usa.com,,2020-08-12,,True,sales_ready
buyer_candidate,한국무역보험공사_화장품 바이어 정보,한국무역보험공사_화장품 바이어 정보_20200812.csv,100,VEEPAKLLC,VEEPAK,6710RIVERROAD60525HODGKINSILLINOISUNITEDSTATESOFAMERICA,미국,USA,20423.0,20423.0,화장품제조업 | 20423 | VEEPAKLLC | VEEPAKLLC | 20423,화장품제조업 | 20423 | veepakllc,1,,info@voyantbeauty.com,170-8482-8881,http://www.voyantbeauty.com,,2020-08-12,11065.7,False,sales_ready
buyer_candidate,한국무역보험공사_화장품 바이어 정보,한국무역보험공사_화장품 바이어 정보_20200812.csv,101,LANCERSKINCARELLC,LANCERSKINCARE,440NRODEODRBEVERLYHILLSCA90210,440NRODEODRBEVERLYHILLSCA90210,,20423.0,20423.0,화장품제조업 | 20423 | LANCERSKINCARELLC | LANCERSKINCARELLC | 20423,화장품제조업 | 20423 | lancerskincarellc,1,,,31-0363-7667,,,2020-08-12,,False,sales_ready
buyer_candidate,한국무역보험공사_화장품 바이어 정보,한국무역보험공사_화장품 바이어 정보_20200812.csv,102,ARCADIABEAUTYLABSLLC,ARCADIABEAUTYLABS,3001COLORADOBOULEVARD76210DENTONTEXASUNITEDSTATESOFAMERICA/US,미국,USA,46443.0,46443.0,화장품및화장용품도매업 | 46443 | ARCADIABEAUTYLABSLLC | ARCADIABEAUTYLABSLLC | 46443,화장품및화장용품도매업 | 46443 | arcadiabeautylabsllc,1,,sbcs@sallybeauty.com,194-0898-7500,http://www.sallybeautyholdings.com,,2020-08-12,11065.7,False,sales_ready
buyer_candidate,한국무역보험공사_화장품 바이어 정보,한국무역보험공사_화장품 바이어 정보_20200812.csv,153,CREACIONESAROMATICASINDUSTRIALESSA,CREACIONESAROMATICASINDUSTRIALES,"POLIGONOINDUSTRIALCANLLOBET(CLJOAQUINCUATRECASESIARUMI),208192,SANTQUIRZEDELVALLESBARCELONASPAIN",스페인,ESP,20423.0,20423.0,화장품제조업 | 20423 | CREACIONESAROMATICASINDUSTRIALESSA | CREACIONESAROMATICASINDUSTRIALESSA | 20423,화장품제조업 | 20423 | creacionesaromaticasindustrialessa,1,,info@carinsa.com,349-3712-3233,www.carinsa.com,,2020-08-12,10012.64,True,sales_ready
buyer_candidate,한국무역보험공사_화장품 바이어 정보,한국무역보험공사_화장품 바이어 정보_20200812.csv,154,WOSSPROIZVODNJAINTRGOVINADOO,WOSSPROIZVODNJAINTRGOVINADOO,"VRHPOLJEPRIKAMNIKU251,KAMNIK,1241,SLOVENIA",슬로베니아,SVN,46443.0,46443.0,화장품및화장용품도매업 | 46443 | WOSSPROIZVODNJAINTRGOVINADOO | WOSSPROIZVODNJAINTRGOVINADOO | 46443,화장품및화장용품도매업 | 46443 | wossproizvodnjaintrgovinadoo,1,,healthyskin.eu@gmail.com,386-4077-0119,healthyskin.eu,,2020-08-12,8551.701,False,sales_ready
buyer_candidate,한국무역보험공사_화장품 바이어 정보,한국무역보험공사_화장품 바이어 정보_20200812.csv,155,HOMETALKPRODUCTS,HOMETALKPRODUCTS,20WOODLANDSLINK#04-25SINGAPORE738733,싱가포르,SGP,46443.0,46443.0,화장품및화장용품도매업 | 46443 | HOMETALKPRODUCTS | HOMETALKPRODUCTS | 46443,화장품및화장용품도매업 | 46443 | hometalkproducts,1,,hometalkproducts@gmail.com,65-9625-0308,,,2020-08-12,4676.683,False,sales_ready
buyer_candidate,한국무역보험공사_화장품 바이어 정보,한국무역보험공사_화장품 바이어 정보_20200812.csv,156,APRTRADELINKLLP,APRTRADELINKLLP,2VENTUREDRIVE#14-02VISIONEXCHANGESINGAPORE608526,싱가포르,SGP,46443.0,46443.0,화장품및화장용품도매업 | 46443 | APRTRADELINKLLP | APRTRADELINKLLP | 46443,화장품및화장용품도매업 | 46443 | aprtradelinkllp,1,,admin@iglow.sg,65-9744-2323,www.iglowbeautysg.wixsite.com,,2020-08-12,4676.683,False,sales_ready
buyer_candidate,한국무역보험공사_화장품 바이어 정보,한국무역보험공사_화장품 바이어 정보_20200812.csv,157,KSLINKPTELTD,KSLINKPTE,20TOHGUANROAD#04-01CJKOREAEXPRESSBUILDINGSINGAPORE608839,싱가포르,SGP,46443.0,46443.0,화장품및화장용품도매업 | 46443 | KSLINKPTELTD | KSLINKPTELTD | 46443,화장품및화장용품도매업 | 46443 | kslinkpteltd,1,,brian@blskorea1.com,,,,2020-08-12,4676.683,False,sales_ready
buyer_candidate,한국무역보험공사_화장품 바이어 정보,한국무역보험공사_화장품 바이어 정보_20200812.csv,158,DSMNUTRITIONALPRODUCTSASIAPACIFIC,DSMNUTRITIONALPRODUCTSASIAPACIFIC,30PASIRPANJANGROAD#13-31MAPLETREEBUSINESSCITYSINGAPORE117440,싱가포르,SGP,20423.0,20423.0,화장품제조업 | 20423 | DSMNUTRITIONALPRODUCTSASIAPACIFIC | DSMNUTRITIONALPRODUCTSASIAPACIFIC | 20423,화장품제조업 | 20423 | dsmnutritionalproductsasiapacific,1,,joreen.tan@dsm.com,65-6632-6500,www.dsm.com,,2020-08-12,4676.683,False,sales_ready
buyer_candidate,한국무역보험공사_화장품 바이어 정보,한국무역보험공사_화장품 바이어 정보_20200812.csv,159,SYMRISEASIAPACIFICPTELTD,SYMRISEASIAPACIFICPTE,226PANDANLOOPSINGAPORE128412,싱가포르,SGP,20423.0,20423.0,화장품제조업 | 20423 | SYMRISEASIAPACIFICPTELTD | SYMRISEASIAPACIFICPTELTD | 20423,화장품제조업 | 20423 | symriseasiapacificpteltd,1,,destina.nassir@symrise.com,65-6779-4551,www.symrise.com,,2020-08-12,4676.683,False,sales_ready
buyer_candidate,한국무역보험공사_화장품 바이어 정보,한국무역보험공사_화장품 바이어 정보_20200812.csv,160,TAKASAGOINTERNATIONALSINGAPOREPTELTD,TAKASAGOINTERNATIONALSINGAPOREPTE,5SUNVIEWROADSINGAPORE627616,싱가포르,SGP,20423.0,20423.0,화장품제조업 | 20423 | TAKASAGOINTERNATIONALSINGAPOREPTELTD | TAKASAGOINTERNATIONALSINGAPOREPTELTD | 20423,화장품제조업 | 20423 | takasagointernationalsingaporepteltd,1,,admin_tis@takasaga.com,65-6779-1077,www.takasago.com,,2020-08-12,4676.683,False,sales_ready
buyer_candidate,한국무역보험공사_화장품 바이어 정보,한국무역보험공사_화장품 바이어 정보_20200812.csv,145,HARUMIHOLDINGSPRIVATELIMITED,HARUMIHOLDINGSPRIVATE,"PORUWADANDA,HORANA-12400,SRILANKA",스리랑카,LKA,20423.0,20423.0,화장품제조업 | 20423 | HARUMIHOLDINGSPRIVATELIMITED | HARUMIHOLDINGSPRIVATELIMITED | 20423,화장품제조업 | 20423 | harumiholdingsprivatelimited,1,,fabian@harumi.lk,941-1225-8050,,,2020-08-12,5840.513,False,sales_ready
buyer_candidate,한국무역보험공사_화장품 바이어 정보,한국무역보험공사_화장품 바이어 정보_20200812.csv,146,K9COMPETITIONAB,K9COMPETITIONAB,"BORSLOVSVAGEN3,25373,GANTOFTA",네덜란드령 안틸레스,ANT,20423.0,20423.0,화장품제조업 | 20423 | K9COMPETITIONAB | K9COMPETITIONAB | 20423,화장품제조업 | 20423 | k9competitionab,1,,,46-4215-7190,,,2020-08-12,14267.82,False,sales_ready
buyer_candidate,한국무역보험공사_화장품 바이어 정보,한국무역보험공사_화장품 바이어 정보_20200812.csv,147,BALMIDAB,BALMIDAB,"ELEKTRAVAGEN22,12630,HAGERSTEN","ELEKTRAVAGEN22,12630,HAGERSTEN",,46443.0,46443.0,화장품및화장용품도매업 | 46443 | BALMIDAB | BALMIDAB | 46443,화장품및화장용품도매업 | 46443 | balmidab,1,,,46-8641-3400,,,2020-08-12,,False,sales_ready
buyer_candidate,한국무역보험공사_화장품 바이어 정보,한국무역보험공사_화장품 바이어 정보_20200812.csv,148,AMLABEAUTYAB,AMLABEAUTYAB,"ESKADERVAGEN4PLAN4,18354,TABY","ESKADERVAGEN4PLAN4,18354,TABY",,46443.0,46443.0,화장품및화장용품도매업 | 46443 | AMLABEAUTYAB | AMLABEAUTYAB | 46443,화장품및화장용품도매업 | 46443 | amlabeautyab,1,,,467-3528-8566,,,2020-08-12,,False,sales_ready
buyer_candidate,한국무역보험공사_화장품 바이어 정보,한국무역보험공사_화장품 바이어 정보_20200812.csv,149,TEMMENTECAG,TEMMENTEC,LUETOLDSTRASSE63454SUMISWALDSWITZERLAND,미국령 군소 제도,UMI,20423.0,20423.0,화장품제조업 | 20423 | TEMMENTECAG | TEMMENTECAG | 20423,화장품제조업 | 20423 | temmentecag,1,,contact@temmentec.ch,413-4432-6111,www.temmentec.ch,,2020-08-12,,False,sales_ready
buyer_candidate,한국무역보험공사_화장품 바이어 정보,한국무역보험공사_화장품 바이어 정보_20200812.csv,150,PROCTERANDGAMBLEINTERNATIONALOPERATIONSSA(PROCTERANDGAMBLEINTERNATIONALOPERATIONSLTD/PROCTERANDGAMBLEINTERNATIONALOPERATIONSAG),PROCTERANDGAMBLEINTERNATIONALOPERATIONSSAPROCTERANDGAMBLEINTERNATIONALOPERATIONSLTDPROCTERANDGAMBLEINTERNATIONALOPERATIONSAG,"47,ROUTEDEST-GEORGES1213PETIT-LANCYSWITZERLAND",루마니아,ROU,20423.0,20423.0,화장품제조업 | 20423 | PROCTERANDGAMBLEINTERNATIONALOPERATIONSSA(PROCTERANDGAMBLEINTERNATIONALOPERATIONSLTD/PROCTERANDGAMBLEINTERNATIONALOPERATIONSAG) | PROCTERANDGAMBLEINTERNATIONALOPERATIONSSA(PROCTERANDGAMBLEINTERNATIONALOPERATIONSLTD/PROCTERANDGAMBLEINTERNATIONALOPERATIONSAG) | 20423,화장품제조업 | 20423 | procterandgambleinternationaloperationssa(procterandgambleinternationaloperationsltd | procterandgambleinternationaloperationsag),1,,mediateam.im@pg.com,58-709-6111,www.pg.com,,2020-08-12,,False,sales_ready
buyer_candidate,한국무역보험공사_화장품 바이어 정보,한국무역보험공사_화장품 바이어 정보_20200812.csv,151,NICHEBEAUTYLABSOCIEDADLIMITADA,NICHEBEAUTYLABSOCIEDADLIMITADA,"CARRETERAMALGRAT,20-NAV1017300,BLANESGERONASPAIN",스페인,ESP,20423.0,20423.0,화장품제조업 | 20423 | NICHEBEAUTYLABSOCIEDADLIMITADA | NICHEBEAUTYLABSOCIEDADLIMITADA | 20423,화장품제조업 | 20423 | nichebeautylabsociedadlimitada,1,,info@nichebeautylab.com,348-7223-5125,www.nichebeautylab.com,,2020-08-12,10012.64,True,sales_ready
buyer_candidate,한국무역보험공사_화장품 바이어 정보,한국무역보험공사_화장품 바이어 정보_20200812.csv,152,SESDERMASL,SESDERMASL,"CALLEMASSAMAGRELL(POL.IND.RAFELBUNYOL),546138,RAFELBUNYOLVALENCIASPAIN",스페인,ESP,20423.0,20423.0,화장품제조업 | 20423 | SESDERMASL | SESDERMASL | 20423,화장품제조업 | 20423 | sesdermasl,1,,info@sesderma.com,349-0241-2058,www.sesderma.com,,2020-08-12,10012.64,True,sales_ready
buyer_candidate,한국무역보험공사_화장품 바이어 정보,한국무역보험공사_화장품 바이어 정보_20200812.csv,138,MARDAMINDUSTRIAECOMERCIODEPRODUTOSDEHIGIENELTDA,MARDAMINDUSTRIAECOMERCIODEPRODUTOSDEHIGIENELTDA,"RUAIPANGUACU,395,JARDIMTERESAPALMA,08555-260,POA-SP,BRAZIL",브라질,BRA,20423.0,20423.0,화장품제조업 | 20423 | MARDAMINDUSTRIAECOMERCIODEPRODUTOSDEHIGIENELTDA | MARDAMINDUSTRIAECOMERCIODEPRODUTOSDEHIGIENELTDA | 20423,화장품제조업 | 20423 | mardamindustriaecomerciodeprodutosdehigieneltda,1,,elisa.compras@mardamdry.com.br,5511-2148-2500,www.mardamdry.com.br,,2020-08-12,18364.51,False,sales_ready
buyer_candidate,한국무역보험공사_화장품 바이어 정보,한국무역보험공사_화장품 바이어 정보_20200812.csv,139,EBBCCOMERCIODECOSMETICOSEPRODUTOSDEHIGIENELTDA,EBBCCOMERCIODECOSMETICOSEPRODUTOSDEHIGIENELTDA,AV.PORTUGAL400GALPAO:3ARUAONUM35A3ITAQUI06696-060ITAPEVISPBRAZIL,포르투갈,PRT,46443.0,46443.0,화장품및화장용품도매업 | 46443 | EBBCCOMERCIODECOSMETICOSEPRODUTOSDEHIGIENELTDA | EBBCCOMERCIODECOSMETICOSEPRODUTOSDEHIGIENELTDA | 46443,화장품및화장용품도매업 | 46443 | ebbccomerciodecosmeticoseprodutosdehigieneltda,1,,guilherme@drjones.com.br,5511-3554-9600,,,2020-08-12,10433.49,False,sales_ready
buyer_candidate,한국무역보험공사_화장품 바이어 정보,한국무역보험공사_화장품 바이어 정보_20200812.csv,140,ALLURECOSMETICOSLTDA,ALLURECOSMETICOSLTDA,"RUA906,41,-SALA01-TERREO,CENTRO,88330-584,BALNEARIOCAMBORIU-SC,BRAZIL",브라질,BRA,47813.0,47813.0,"화장품,비누및방향제소매업 | 47813 | ALLURECOSMETICOSLTDA | ALLURECOSMETICOSLTDA | 47813",화장품 | 비누및방향제소매업 | 47813 | allurecosmeticosltda,1,,trw_weber@hotmail.com,,,,2020-08-12,18364.51,False,sales_ready
buyer_candidate,한국무역보험공사_화장품 바이어 정보,한국무역보험공사_화장품 바이어 정보_20200812.csv,141,SKINSTORECOMERCIOIMPORTACAOEEXPORTACAODEPRODUTOSDESAUDEESTETICAEBELEZALTDA,SKINSTORECOMERCIOIMPORTACAOEEXPORTACAODEPRODUTOSDESAUDEESTETICAEBELEZALTDA,"AV.JOAOPAULOABLAS,377,-SALA07,JARDIMDAGLORIA,06711-250,COTIA-SP,BRAZIL",브라질,BRA,46443.0,46443.0,화장품및화장용품도매업 | 46443 | SKINSTORECOMERCIOIMPORTACAOEEXPORTACAODEPRODUTOSDESAUDEESTETICAEBELEZALTDA | SKINSTORECOMERCIOIMPORTACAOEEXPORTACAODEPRODUTOSDESAUDEESTETICAEBELEZALTDA | 46443,화장품및화장용품도매업 | 46443 | skinstorecomercioimportacaoeexportacaodeprodutosdesaudeesteticaebelezaltda,1,,sac@occotia.com.br,5511-4777-9345,,,2020-08-12,18364.51,False,sales_ready
buyer_candidate,한국무역보험공사_화장품 바이어 정보,한국무역보험공사_화장품 바이어 정보_20200812.csv,142,NRSENTRADINGESTABLISHMENT,NRSENTRADINGESTABLISHMENT,"ALMEAQLIACENTER-DON4OFFICE307,3EDFLOOR,IMMAMTURKIBINABDULLAHROAD,ALDEERAHDISTRICT,RIYADH,POSTCODE:12634,SAUDIARABIA",사우디아라비아,SAU,46443.0,46443.0,화장품및화장용품도매업 | 46443 | NRSENTRADINGESTABLISHMENT | NRSENTRADINGESTABLISHMENT | 46443,화장품및화장용품도매업 | 46443 | nrsentradingestablishment,1,,,9665-5511-0459,,,2020-08-12,7557.272,False,sales_ready
buyer_candidate,한국무역보험공사_화장품 바이어 정보,한국무역보험공사_화장품 바이어 정보_20200812.csv,143,ALMUSBAHGLOBALTRADINGCOLTD,ALMUSBAHGLOBALTRADING,"ALMUSBAHCENTER,ALBALADDISTRICT-AL-KHASIKIA,JEDDAH,POSTCODE:21455,SAUDIARABIA",사우디아라비아,SAU,46443.0,46443.0,화장품및화장용품도매업 | 46443 | ALMUSBAHGLOBALTRADINGCOLTD | ALMUSBAHGLOBALTRADINGCOLTD | 46443,화장품및화장용품도매업 | 46443 | almusbahglobaltradingcoltd,1,,info@almsbahgroup.com,9665-0654-6551,http://www.almusbah.com/(Group'swebsite),,2020-08-12,7557.272,False,sales_ready
buyer_candidate,한국무역보험공사_화장품 바이어 정보,한국무역보험공사_화장품 바이어 정보_20200812.csv,144,LIMITEDLIABILITYCOMPANYFORDOMESTICANDFOREIGNTRADEMAURICIUSBELGRADEOLDTOWN,LIMITEDLIABILITYCOMPANYFORDOMESTICANDFOREIGNTRADEMAURICIUSBELGRADEOLDTOWN,"BATAJNICKIDRUMBB,BEOGRAD80,11080,SERBIA",세르비아,SRB,46443.0,46443.0,화장품및화장용품도매업 | 46443 | LIMITEDLIABILITYCOMPANYFORDOMESTICANDFOREIGNTRADEMAURICIUSBELGRADEOLDTOWN | LIMITEDLIABILITYCOMPANYFORDOMESTICANDFOREIGNTRADEMAURICIUSBELGRADEOLDTOWN | 46443,화장품및화장용품도매업 | 46443 | limitedliabilitycompanyfordomesticandforeigntrademauriciusbelgradeoldtown,1,,office@mauricius.rs,3811-1268-6775,www.mauricius.rs,,2020-08-12,,False,sales_ready
buyer_candidate,한국무역보험공사_화장품 바이어 정보,한국무역보험공사_화장품 바이어 정보_20200812.csv,129,DALINKVIETNAMCOMPANYLIMITED,DALINKVIETNAMCOMPANY,"NO.103,DOICANSTREET,DOICANWARD,BADINHDISTRICT,HANOICITY,VIETNAM",베트남,VNM,46443.0,46443.0,화장품및화장용품도매업 | 46443 | DALINKVIETNAMCOMPANYLIMITED | DALINKVIETNAMCOMPANYLIMITED | 46443,화장품및화장용품도매업 | 46443 | dalinkvietnamcompanylimited,1,,info@waxinghouse.vn,8424-6273-6879,http://waxinghouse.vn,,2020-08-12,2740.135,True,sales_ready
buyer_candidate,한국무역보험공사_화장품 바이어 정보,한국무역보험공사_화장품 바이어 정보_20200812.csv,130,SAOVIETINDUSTRIALTECHNOLOGYCOLTD(SAVIINTECHCOLTD),SAOVIETINDUSTRIALTECHNOLOGYCOLTDSAVIINTECHCOLTD,"NO.8,ROAD8A,TRUNGSONRESIDENTIALAREA,BINHHUNGCOMMUNE,BINHCHANHDISTRICT,HOCHIMINHCITY,VIETNAM",베트남,VNM,20423.0,20423.0,화장품제조업 | 20423 | SAOVIETINDUSTRIALTECHNOLOGYCOLTD(SAVIINTECHCOLTD) | SAOVIETINDUSTRIALTECHNOLOGYCOLTD(SAVIINTECHCOLTD) | 20423,화장품제조업 | 20423 | saovietindustrialtechnologycoltd(saviintechcoltd),1,,saviintech@saviintech.vn,8428-5431-7966,https://www.saviintech.com,,2020-08-12,2740.135,False,sales_ready
buyer_candidate,한국무역보험공사_화장품 바이어 정보,한국무역보험공사_화장품 바이어 정보_20200812.csv,131,LEGIANGCOSMETICLIMITEDCOMPANY(LEGIANGCOSMETICLIMITEDCOLTD),LEGIANGCOSMETICLIMITEDCOMPANYLEGIANGCOSMETICLIMITEDCOLTD,"NO.4B/1/83MIEUHAIXA,DUHANGKENHWARD,LECHANDISTRICT,HAIPHONGCITY,VIETNAM",베트남,VNM,46443.0,46443.0,화장품및화장용품도매업 | 46443 | LEGIANGCOSMETICLIMITEDCOMPANY(LEGIANGCOSMETICLIMITEDCOLTD) | LEGIANGCOSMETICLIMITEDCOMPANY(LEGIANGCOSMETICLIMITEDCOLTD) | 46443,화장품및화장용품도매업 | 46443 | legiangcosmeticlimitedcompany(legiangcosmeticlimitedcoltd),1,,info@gcell.vn,8422-5262-8899,http://gcell.vn,,2020-08-12,2740.135,True,sales_ready
buyer_candidate,한국무역보험공사_화장품 바이어 정보,한국무역보험공사_화장품 바이어 정보_20200812.csv,132,LGVINACOSMETICSCOLTD(LGVINACOSMETICS),LGVINACOSMETICSCOLTDLGVINACOSMETICS,"NHONTRACH2INDUSTRIALPARK,HIEPPHUOCCOMMUNE,NHONTRACHDISTRICT,DONGNAIPROVINCE,VIETNAM",베트남,VNM,20423.0,20423.0,화장품제조업 | 20423 | LGVINACOSMETICSCOLTD(LGVINACOSMETICS) | LGVINACOSMETICSCOLTD(LGVINACOSMETICS) | 20423,화장품제조업 | 20423 | lgvinacosmeticscoltd(lgvinacosmetics),1,,info@lgcare.com.vn,8425-1356-0575,http://www.lgcare.com.vn,,2020-08-12,2740.135,True,sales_ready
buyer_candidate,한국무역보험공사_화장품 바이어 정보,한국무역보험공사_화장품 바이어 정보_20200812.csv,133,BEAUTYDRIVELTD,BEAUTYDRIVE,"KUZMICHORNOGOSTREET3,PREMISES2,MINSK,220012,BELARUS",벨라루스,BLR,46443.0,46443.0,화장품및화장용품도매업 | 46443 | BEAUTYDRIVELTD | BEAUTYDRIVELTD | 46443,화장품및화장용품도매업 | 46443 | beautydriveltd,1,,top.marketing@lorel.by,3754-4501-3001,http://beautydrive.by/,,2020-08-12,7292.729,False,sales_ready
buyer_candidate,한국무역보험공사_화장품 바이어 정보,한국무역보험공사_화장품 바이어 정보_20200812.csv,134,COSMETICSANDMEDICINEPRIVATETRADEUNITARYENTERPRISE(CHTUPKOSMETIKAIMEDITSINA),COSMETICSANDMEDICINEPRIVATETRADEUNITARYENTERPRISECHTUPKOSMETIKAIMEDITSINA,"KISELEVASTREET,10,PREM.4N,ROOM7P,MINSK,220029,BELARUS",벨라루스,BLR,46443.0,46443.0,화장품및화장용품도매업 | 46443 | COSMETICSANDMEDICINEPRIVATETRADEUNITARYENTERPRISE(CHTUPKOSMETIKAIMEDITSINA) | COSMETICSANDMEDICINEPRIVATETRADEUNITARYENTERPRISE(CHTUPKOSMETIKAIMEDITSINA) | 46443,화장품및화장용품도매업 | 46443 | cosmeticsandmedicineprivatetradeunitaryenterprise(chtupkosmetikaimeditsina),1,,kosmed05@mail.ru,3751-7352-1689,http://www.kosmed.by/,,2020-08-12,7292.729,False,sales_ready
buyer_candidate,한국무역보험공사_화장품 바이어 정보,한국무역보험공사_화장품 바이어 정보_20200812.csv,135,PARFUMBYTHIMLLC,PARFUMBYTHIM,"SCHOMISLITSKIYRURALCOUNCIL,MENKOVSKIYTRAKT,14,ROOM103,OZERTSOSETTLEMENT,MINSKREGION,MINSKDISTRICT,223021,BELARUS",벨라루스,BLR,46443.0,46443.0,화장품및화장용품도매업 | 46443 | PARFUMBYTHIMLLC | PARFUMBYTHIMLLC | 46443,화장품및화장용품도매업 | 46443 | parfumbythimllc,1,,info@parfumbel.com,,,,2020-08-12,7292.729,False,sales_ready
buyer_candidate,한국무역보험공사_화장품 바이어 정보,한국무역보험공사_화장품 바이어 정보_20200812.csv,136,BULMEDCONSULTLTD,BULMEDCONSULT,"UL.ALEKSANDARJENDOVNO.1,ET.9,AP.17,SOFIA,1113,BULGARIA",불가리아,BGR,46443.0,46443.0,화장품및화장용품도매업 | 46443 | BULMEDCONSULTLTD | BULMEDCONSULTLTD | 46443,화장품및화장용품도매업 | 46443 | bulmedconsultltd,1,,office@bulmed.bg,259-0929,www.bulmed.bg,,2020-08-12,8244.246,False,sales_ready
buyer_candidate,한국무역보험공사_화장품 바이어 정보,한국무역보험공사_화장품 바이어 정보_20200812.csv,97,RAREBEAUTYBRANDSINC,RAREBEAUTYBRANDS,83MORSESTE8ANORWOODMA02062,노르웨이,NOR,20423.0,20423.0,화장품제조업 | 20423 | RAREBEAUTYBRANDSINC | RAREBEAUTYBRANDSINC | 20423,화장품제조업 | 20423 | rarebeautybrandsinc,1,,,88-8243-0646,,,2020-08-12,7730.767,False,sales_ready
buyer_candidate,한국무역보험공사_화장품 바이어 정보,한국무역보험공사_화장품 바이어 정보_20200812.csv,66,ITPHARMAMEXICOSADECV,ITPHARMAMEXICOSADECV,"CALLEGABRIELMANCERANO.746,COLONIADELVALLECENTROALCALDIABENITOJUAREZ,CIUDADDEMEXICO03100MEXICO",멕시코,MEX,47813.0,47813.0,"화장품,비누및방향제소매업 | 47813 | ITPHARMAMEXICOSADECV | ITPHARMAMEXICOSADECV | 47813",화장품 | 비누및방향제소매업 | 47813 | itpharmamexicosadecv,1,,admin@itpharma.com.mx,5255-4974,www.itpharma.com.mx,,2020-08-12,12066.01,False,sales_ready
buyer_candidate,ITC_TradeMap_ImportingCompanies,Trade_Map_USA_HS3304_20260506.csv,1,Beauti Control Csmtcs Inc.,Beauti Control Csmtcs Inc.,United States of America,미국,USA,3304,3304,"cosmetics, beauty, makeup, skincare, USA importer",beauty_or_makeup_preparations,1,,info@beauticontrol.com,,http://www.beauticontrol.com,2026-12-31,2026-05-06,,True,sales_ready
buyer_candidate,ITC_TradeMap_ImportingCompanies,Trade_Map_USA_HS3304_20260506.csv,2,Beauty 21 Cosmetics,Beauty 21 Cosmetics,United States of America,미국,USA,3304,3304,"cosmetics, beauty, makeup, skincare, USA importer",beauty_or_makeup_preparations,1,,info@lacolors.com,,http://www.lacolors.com,2026-12-31,2026-05-06,,False,sales_ready
buyer_candidate,ITC_TradeMap_ImportingCompanies,Trade_Map_USA_HS3304_20260506.csv,3,Common Sense Natural Soaps,Common Sense Natural Soaps,United States of America,미국,USA,3304,3304,"cosmetics, beauty, makeup, skincare, USA importer",beauty_or_makeup_preparations,1,,info@commonsensefarm.com,,http://commonsensefarm.com,2026-12-31,2026-05-06,,True,sales_ready
buyer_candidate,ITC_TradeMap_ImportingCompanies,Trade_Map_USA_HS3304_20260506.csv,4,Delicate Cosmetics Inc.,Delicate Cosmetics Inc.,United States of America,미국,USA,3304,3304,"cosmetics, beauty, makeup, skincare, USA importer",beauty_or_makeup_preparations,1,,customerservice@delicatecosmetics.net,,http://www.delicatecosmetics.com,2026-12-31,2026-05-06,,False,sales_ready
buyer_candidate,ITC_TradeMap_ImportingCompanies,Trade_Map_USA_HS3304_20260506.csv,5,Dermalogica,Dermalogica,United States of America,미국,USA,3304,3304,"cosmetics, beauty, makeup, skincare, USA importer",beauty_or_makeup_preparations,1,,info@stagheaddesigns.com,,http://dermalogica.com,2026-12-31,2026-05-06,,False,sales_ready
buyer_candidate,ITC_TradeMap_ImportingCompanies,Trade_Map_USA_HS3304_20260506.csv,6,Filltech Usa,Filltech Usa,United States of America,미국,USA,3304,3304,"cosmetics, beauty, makeup, skincare, USA importer",beauty_or_makeup_preparations,1,,sales@filltech.co.uk,,http://www.filltech.com,2026-12-31,2026-05-06,,False,sales_ready
buyer_candidate,ITC_TradeMap_ImportingCompanies,Trade_Map_USA_HS3304_20260506.csv,7,Nail Tek,Nail Tek,United States of America,미국,USA,3304,3304,"cosmetics, beauty, makeup, skincare, USA importer",beauty_or_makeup_preparations,1,,info@nailtek.com,,http://www.nailtek.com,2026-12-31,2026-05-06,,True,sales_ready
buyer_candidate,ITC_TradeMap_ImportingCompanies,Trade_Map_USA_HS3304_20260506.csv,8,Procore Labs,Procore Labs,United States of America,미국,USA,3304,3304,"cosmetics, beauty, makeup, skincare, USA importer",beauty_or_makeup_preparations,1,,info@procorelabs.com,,http://procorelabs.com,2026-12-31,2026-05-06,,True,sales_ready
buyer_candidate,ITC_TradeMap_ImportingCompanies,Trade_Map_USA_HS3304_20260506.csv,9,Sibu,Sibu,United States of America,미국,USA,3304,3304,"cosmetics, beauty, makeup, skincare, USA importer",beauty_or_makeup_preparations,1,,info@sibu.com,,http://www.sibu.com,2026-12-31,2026-05-06,,True,sales_ready
buyer_candidate,ITC_TradeMap_ImportingCompanies,Trade_Map_USA_HS3304_20260506.csv,10,Sonage,Sonage,United States of America,미국,USA,3304,3304,"cosmetics, beauty, makeup, skincare, USA importer",beauty_or_makeup_preparations,1,,info@sonage.com,,http://www.sonage.com,2026-12-31,2026-05-06,,True,sales_ready
